counties,race name,candidate,party,votes
Total,Republican for U.S. Senate,MIKE KENNEDY (REP),Republican,85622
Total,Republican for U.S. Senate,MITT ROMNEY (REP),Republican,217049
Beaver,Republican for U.S. Senate,MIKE KENNEDY (REP),Republican,492
Beaver,Republican for U.S. Senate,MITT ROMNEY (REP),Republican,841
Box Elder,Republican for U.S. Senate,MIKE KENNEDY (REP),Republican,2140
Box Elder,Republican for U.S. Senate,MITT ROMNEY (REP),Republican,5516
Cache,Republican for U.S. Senate,MIKE KENNEDY (REP),Republican,2723
Cache,Republican for U.S. Senate,MITT ROMNEY (REP),Republican,9054
Carbon,Republican for U.S. Senate,MIKE KENNEDY (REP),Republican,716
Carbon,Republican for U.S. Senate,MITT ROMNEY (REP),Republican,1207
Daggett,Republican for U.S. Senate,MIKE KENNEDY (REP),Republican,84
Daggett,Republican for U.S. Senate,MITT ROMNEY (REP),Republican,168
Davis,Republican for U.S. Senate,MIKE KENNEDY (REP),Republican,9611
Davis,Republican for U.S. Senate,MITT ROMNEY (REP),Republican,32892
Duchesne,Republican for U.S. Senate,MIKE KENNEDY (REP),Republican,1513
Duchesne,Republican for U.S. Senate,MITT ROMNEY (REP),Republican,2038
Emery,Republican for U.S. Senate,MIKE KENNEDY (REP),Republican,704
Emery,Republican for U.S. Senate,MITT ROMNEY (REP),Republican,1079
Garfield,Republican for U.S. Senate,MIKE KENNEDY (REP),Republican,343
Garfield,Republican for U.S. Senate,MITT ROMNEY (REP),Republican,770
Grand,Republican for U.S. Senate,MIKE KENNEDY (REP),Republican,465
Grand,Republican for U.S. Senate,MITT ROMNEY (REP),Republican,564
Iron,Republican for U.S. Senate,MIKE KENNEDY (REP),Republican,2993
Iron,Republican for U.S. Senate,MITT ROMNEY (REP),Republican,4431
Juab,Republican for U.S. Senate,MIKE KENNEDY (REP),Republican,741
Juab,Republican for U.S. Senate,MITT ROMNEY (REP),Republican,1320
Kane,Republican for U.S. Senate,MIKE KENNEDY (REP),Republican,707
Kane,Republican for U.S. Senate,MITT ROMNEY (REP),Republican,1031
Millard,Republican for U.S. Senate,MIKE KENNEDY (REP),Republican,1166
Millard,Republican for U.S. Senate,MITT ROMNEY (REP),Republican,1733
Morgan,Republican for U.S. Senate,MIKE KENNEDY (REP),Republican,632
Morgan,Republican for U.S. Senate,MITT ROMNEY (REP),Republican,1484
Piute,Republican for U.S. Senate,MIKE KENNEDY (REP),Republican,253
Piute,Republican for U.S. Senate,MITT ROMNEY (REP),Republican,185
Rich,Republican for U.S. Senate,MIKE KENNEDY (REP),Republican,251
Rich,Republican for U.S. Senate,MITT ROMNEY (REP),Republican,631
Salt Lake,Republican for U.S. Senate,MIKE KENNEDY (REP),Republican,21564
Salt Lake,Republican for U.S. Senate,MITT ROMNEY (REP),Republican,69039
San Juan,Republican for U.S. Senate,MIKE KENNEDY (REP),Republican,622
San Juan,Republican for U.S. Senate,MITT ROMNEY (REP),Republican,927
Sanpete,Republican for U.S. Senate,MIKE KENNEDY (REP),Republican,1363
Sanpete,Republican for U.S. Senate,MITT ROMNEY (REP),Republican,2758
Sevier,Republican for U.S. Senate,MIKE KENNEDY (REP),Republican,1566
Sevier,Republican for U.S. Senate,MITT ROMNEY (REP),Republican,2266
Summit,Republican for U.S. Senate,MIKE KENNEDY (REP),Republican,1121
Summit,Republican for U.S. Senate,MITT ROMNEY (REP),Republican,2527
Tooele,Republican for U.S. Senate,MIKE KENNEDY (REP),Republican,1917
Tooele,Republican for U.S. Senate,MITT ROMNEY (REP),Republican,4080
Uintah,Republican for U.S. Senate,MIKE KENNEDY (REP),Republican,3151
Uintah,Republican for U.S. Senate,MITT ROMNEY (REP),Republican,3258
Utah,Republican for U.S. Senate,MIKE KENNEDY (REP),Republican,12395
Utah,Republican for U.S. Senate,MITT ROMNEY (REP),Republican,38667
Wasatch,Republican for U.S. Senate,MIKE KENNEDY (REP),Republican,1104
Wasatch,Republican for U.S. Senate,MITT ROMNEY (REP),Republican,3047
Washington,Republican for U.S. Senate,MIKE KENNEDY (REP),Republican,8439
Washington,Republican for U.S. Senate,MITT ROMNEY (REP),Republican,10705
Wayne,Republican for U.S. Senate,MIKE KENNEDY (REP),Republican,244
Wayne,Republican for U.S. Senate,MITT ROMNEY (REP),Republican,418
Weber,Republican for U.S. Senate,MIKE KENNEDY (REP),Republican,6602
Weber,Republican for U.S. Senate,MITT ROMNEY (REP),Republican,14413
Total,Democratic for U.S. House 1,KURT WEILAND (DEM),Democratic,4988
Total,Democratic for U.S. House 1,LEE CASTILLO (DEM),Democratic,6485
Box Elder,Democratic for U.S. House 1,KURT WEILAND (DEM),Democratic,109
Box Elder,Democratic for U.S. House 1,LEE CASTILLO (DEM),Democratic,188
Cache,Democratic for U.S. House 1,KURT WEILAND (DEM),Democratic,1141
Cache,Democratic for U.S. House 1,LEE CASTILLO (DEM),Democratic,1392
Daggett,Democratic for U.S. House 1,KURT WEILAND (DEM),Democratic,9
Daggett,Democratic for U.S. House 1,LEE CASTILLO (DEM),Democratic,4
Davis,Democratic for U.S. House 1,KURT WEILAND (DEM),Democratic,1238
Davis,Democratic for U.S. House 1,LEE CASTILLO (DEM),Democratic,1851
Duchesne,Democratic for U.S. House 1,KURT WEILAND (DEM),Democratic,73
Duchesne,Democratic for U.S. House 1,LEE CASTILLO (DEM),Democratic,74
Morgan,Democratic for U.S. House 1,KURT WEILAND (DEM),Democratic,66
Morgan,Democratic for U.S. House 1,LEE CASTILLO (DEM),Democratic,49
Rich,Democratic for U.S. House 1,KURT WEILAND (DEM),Democratic,13
Rich,Democratic for U.S. House 1,LEE CASTILLO (DEM),Democratic,12
Summit,Democratic for U.S. House 1,KURT WEILAND (DEM),Democratic,635
Summit,Democratic for U.S. House 1,LEE CASTILLO (DEM),Democratic,775
Uintah,Democratic for U.S. House 1,KURT WEILAND (DEM),Democratic,181
Uintah,Democratic for U.S. House 1,LEE CASTILLO (DEM),Democratic,206
Weber,Democratic for U.S. House 1,KURT WEILAND (DEM),Democratic,1523
Weber,Democratic for U.S. House 1,LEE CASTILLO (DEM),Democratic,1934
Total,Republican for U.S. House 3,CHRISTOPHER N. HERROD (REP),Republican,19600
Total,Republican for U.S. House 3,JOHN CURTIS (REP),Republican,56817
Carbon,Republican for U.S. House 3,CHRISTOPHER N. HERROD (REP),Republican,362
Carbon,Republican for U.S. House 3,JOHN CURTIS (REP),Republican,1486
Emery,Republican for U.S. House 3,CHRISTOPHER N. HERROD (REP),Republican,285
Emery,Republican for U.S. House 3,JOHN CURTIS (REP),Republican,1425
Grand,Republican for U.S. House 3,CHRISTOPHER N. HERROD (REP),Republican,280
Grand,Republican for U.S. House 3,JOHN CURTIS (REP),Republican,711
Salt Lake,Republican for U.S. House 3,CHRISTOPHER N. HERROD (REP),Republican,5284
Salt Lake,Republican for U.S. House 3,JOHN CURTIS (REP),Republican,17279
San Juan,Republican for U.S. House 3,CHRISTOPHER N. HERROD (REP),Republican,650
San Juan,Republican for U.S. House 3,JOHN CURTIS (REP),Republican,840
Utah,Republican for U.S. House 3,CHRISTOPHER N. HERROD (REP),Republican,11832
Utah,Republican for U.S. House 3,JOHN CURTIS (REP),Republican,32056
Wasatch,Republican for U.S. House 3,CHRISTOPHER N. HERROD (REP),Republican,907
Wasatch,Republican for U.S. House 3,JOHN CURTIS (REP),Republican,3020
Total,Democratic for State Senate 2,DEREK LLOYD KITCHEN (DEM),Democratic,4996
Total,Democratic for State Senate 2,JENNIFER PLUMB (DEM),Democratic,4485
Salt Lake,Democratic for State Senate 2,DEREK LLOYD KITCHEN (DEM),Democratic,4996
Salt Lake,Democratic for State Senate 2,JENNIFER PLUMB (DEM),Democratic,4485
Total,Republican for State Senate 3,JEREMY D. EGAN (REP),Republican,2331
Total,Republican for State Senate 3,MARLIN R. BAER (REP),Republican,1655
Salt Lake,Republican for State Senate 3,JEREMY D. EGAN (REP),Republican,2331
Salt Lake,Republican for State Senate 3,MARLIN R. BAER (REP),Republican,1655
Total,Republican for State Senate 8 (2 year term),BRIAN ZEHNDER (REP),Republican,5637
Total,Republican for State Senate 8 (2 year term),JAREN L. DAVIS (REP),Republican,3501
Salt Lake,Republican for State Senate 8 (2 year term),BRIAN ZEHNDER (REP),Republican,5637
Salt Lake,Republican for State Senate 8 (2 year term),JAREN L. DAVIS (REP),Republican,3501
Total,Republican for State Senate 17 (Multi County),CLARK N. DAVIS (REP),Republican,5950
Total,Republican for State Senate 17 (Multi County),SCOTT SANDALL (REP),Republican,6660
Box Elder,Republican for State Senate 17 (Multi County),CLARK N. DAVIS (REP),Republican,3412
Box Elder,Republican for State Senate 17 (Multi County),SCOTT SANDALL (REP),Republican,4102
Cache,Republican for State Senate 17 (Multi County),CLARK N. DAVIS (REP),Republican,1009
Cache,Republican for State Senate 17 (Multi County),SCOTT SANDALL (REP),Republican,1080
Tooele,Republican for State Senate 17 (Multi County),CLARK N. DAVIS (REP),Republican,1529
Tooele,Republican for State Senate 17 (Multi County),SCOTT SANDALL (REP),Republican,1478
Total,Democratic for State Senate 26 (Multi County),EILEEN GALLAGHER (DEM),Democratic,1278
Total,Democratic for State Senate 26 (Multi County),PAT VAUGHN (DEM),Democratic,783
Daggett,Democratic for State Senate 26 (Multi County),EILEEN GALLAGHER (DEM),Democratic,8
Daggett,Democratic for State Senate 26 (Multi County),PAT VAUGHN (DEM),Democratic,5
Duchesne,Democratic for State Senate 26 (Multi County),EILEEN GALLAGHER (DEM),Democratic,85
Duchesne,Democratic for State Senate 26 (Multi County),PAT VAUGHN (DEM),Democratic,62
Summit,Democratic for State Senate 26 (Multi County),EILEEN GALLAGHER (DEM),Democratic,675
Summit,Democratic for State Senate 26 (Multi County),PAT VAUGHN (DEM),Democratic,283
Uintah,Democratic for State Senate 26 (Multi County),EILEEN GALLAGHER (DEM),Democratic,227
Uintah,Democratic for State Senate 26 (Multi County),PAT VAUGHN (DEM),Democratic,160
Wasatch,Democratic for State Senate 26 (Multi County),EILEEN GALLAGHER (DEM),Democratic,283
Wasatch,Democratic for State Senate 26 (Multi County),PAT VAUGHN (DEM),Democratic,273
Total,Republican for State Senate 26 (Multi County),BRIAN K. GORUM (REP),Republican,5211
Total,Republican for State Senate 26 (Multi County),JACK RUBIN (REP),Republican,3510
Total,Republican for State Senate 26 (Multi County),RONALD WINTERTON (REP),Republican,6678
Daggett,Republican for State Senate 26 (Multi County),BRIAN K. GORUM (REP),Republican,82
Daggett,Republican for State Senate 26 (Multi County),JACK RUBIN (REP),Republican,57
Daggett,Republican for State Senate 26 (Multi County),RONALD WINTERTON (REP),Republican,94
Duchesne,Republican for State Senate 26 (Multi County),BRIAN K. GORUM (REP),Republican,604
Duchesne,Republican for State Senate 26 (Multi County),JACK RUBIN (REP),Republican,266
Duchesne,Republican for State Senate 26 (Multi County),RONALD WINTERTON (REP),Republican,2644
Summit,Republican for State Senate 26 (Multi County),BRIAN K. GORUM (REP),Republican,183
Summit,Republican for State Senate 26 (Multi County),JACK RUBIN (REP),Republican,1336
Summit,Republican for State Senate 26 (Multi County),RONALD WINTERTON (REP),Republican,587
Uintah,Republican for State Senate 26 (Multi County),BRIAN K. GORUM (REP),Republican,4047
Uintah,Republican for State Senate 26 (Multi County),JACK RUBIN (REP),Republican,405
Uintah,Republican for State Senate 26 (Multi County),RONALD WINTERTON (REP),Republican,1933
Wasatch,Republican for State Senate 26 (Multi County),BRIAN K. GORUM (REP),Republican,295
Wasatch,Republican for State Senate 26 (Multi County),JACK RUBIN (REP),Republican,1446
Wasatch,Republican for State Senate 26 (Multi County),RONALD WINTERTON (REP),Republican,1420
Total,Republican for State House 4,DAN N. JOHNSON (REP),Republican,1390
Total,Republican for State House 4,GREG MERRILL (REP),Republican,1135
Cache,Republican for State House 4,DAN N. JOHNSON (REP),Republican,1390
Cache,Republican for State House 4,GREG MERRILL (REP),Republican,1135
Total,Republican for State House 7,KYLE R. ANDERSEN (REP),Republican,2569
Total,Republican for State House 7,LISA ROSKELLEY (REP),Republican,1804
Weber,Republican for State House 7,KYLE R. ANDERSEN (REP),Republican,2569
Weber,Republican for State House 7,LISA ROSKELLEY (REP),Republican,1804
Total,Republican for State House 8,JASON B. KYLE (REP),Republican,1236
Total,Republican for State House 8,STEVE WALDRIP (REP),Republican,1778
Weber,Republican for State House 8,JASON B. KYLE (REP),Republican,1236
Weber,Republican for State House 8,STEVE WALDRIP (REP),Republican,1778
Total,Republican for State House 10,LORRAINE P. BROWN (REP),Republican,1329
Total,Republican for State House 10,TERRY D SCHOW (REP),Republican,1005
Weber,Republican for State House 10,LORRAINE P. BROWN (REP),Republican,1329
Weber,Republican for State House 10,TERRY D SCHOW (REP),Republican,1005
Total,Republican for State House 19,PHILL WRIGHT (REP),Republican,2226
Total,Republican for State House 19,RAYMOND WARD (REP),Republican,4424
Davis,Republican for State House 19,PHILL WRIGHT (REP),Republican,2226
Davis,Republican for State House 19,RAYMOND WARD (REP),Republican,4424
Total,Republican for State House 20,GLEN G. JENKINS (REP),Republican,1050
Total,Republican for State House 20,MATT JENSEN (REP),Republican,1881
Total,Republican for State House 20,MELISSA GARFF BALLARD (REP),Republican,2103
Davis,Republican for State House 20,GLEN G. JENKINS (REP),Republican,1050
Davis,Republican for State House 20,MATT JENSEN (REP),Republican,1881
Davis,Republican for State House 20,MELISSA GARFF BALLARD (REP),Republican,2103
Total,Democratic for State House 24,DARIN MANN (DEM),Democratic,594
Total,Democratic for State House 24,IGOR LIMANSKY (DEM),Democratic,1468
Total,Democratic for State House 24,JACQUELYN ORTON (DEM),Democratic,794
Total,Democratic for State House 24,JEN DAILEY-PROVOST (DEM),Democratic,1552
Salt Lake,Democratic for State House 24,DARIN MANN (DEM),Democratic,594
Salt Lake,Democratic for State House 24,IGOR LIMANSKY (DEM),Democratic,1468
Salt Lake,Democratic for State House 24,JACQUELYN ORTON (DEM),Democratic,794
Salt Lake,Democratic for State House 24,JEN DAILEY-PROVOST (DEM),Democratic,1552
Total,Republican for State House 27,BRADY BRAMMER (REP),Republican,2739
Total,Republican for State House 27,JARED CARMAN (REP),Republican,2004
Utah,Republican for State House 27,BRADY BRAMMER (REP),Republican,2739
Utah,Republican for State House 27,JARED CARMAN (REP),Republican,2004
Total,Republican for State House 57,ALEXANDER CARTER (REP),Republican,1619
Total,Republican for State House 57,JON HAWKINS (REP),Republican,2228
Utah,Republican for State House 57,ALEXANDER CARTER (REP),Republican,1619
Utah,Republican for State House 57,JON HAWKINS (REP),Republican,2228
Total,Republican for State House 61,MARSHA JUDKINS (REP),Republican,2040
Total,Republican for State House 61,PARL JOHNSON (REP),Republican,1301
Utah,Republican for State House 61,MARSHA JUDKINS (REP),Republican,2040
Utah,Republican for State House 61,PARL JOHNSON (REP),Republican,1301
Total,Republican for State House 69 (Multi County),CHRISTINE F. WATKINS (REP),Republican,2436
Total,Republican for State House 69 (Multi County),JAE POTTER (REP),Republican,1558
Carbon,Republican for State House 69 (Multi County),CHRISTINE F. WATKINS (REP),Republican,1202
Carbon,Republican for State House 69 (Multi County),JAE POTTER (REP),Republican,696
Duchesne,Republican for State House 69 (Multi County),CHRISTINE F. WATKINS (REP),Republican,913
Duchesne,Republican for State House 69 (Multi County),JAE POTTER (REP),Republican,716
Emery,Republican for State House 69 (Multi County),CHRISTINE F. WATKINS (REP),Republican,95
Emery,Republican for State House 69 (Multi County),JAE POTTER (REP),Republican,21
Grand,Republican for State House 69 (Multi County),CHRISTINE F. WATKINS (REP),Republican,226
Grand,Republican for State House 69 (Multi County),JAE POTTER (REP),Republican,125
Total,Republican for State House 71 (Multi County),BRAD LAST (REP),Republican,4028
Total,Republican for State House 71 (Multi County),MARK S. BOROWIAK (REP),Republican,1471
Iron,Republican for State House 71 (Multi County),BRAD LAST (REP),Republican,1367
Iron,Republican for State House 71 (Multi County),MARK S. BOROWIAK (REP),Republican,348
Washington,Republican for State House 71 (Multi County),BRAD LAST (REP),Republican,2661
Washington,Republican for State House 71 (Multi County),MARK S. BOROWIAK (REP),Republican,1123
Beaver,Republican for Beaver County Commissioner (B),MARK S. WHITNEY,REPUBLICAN,820
Beaver,Republican for Beaver County Commissioner (B),BOB DAVIDSON,REPUBLICAN,517
Box Elder,Republican for Box Elder County Commissioner Seat A,JEFF HADFIELD,REPUBLICAN,4986
Box Elder,Republican for Box Elder County Commissioner Seat A,CHARLES M. YOUNG,REPUBLICAN,2467
Box Elder,Republican for Box Elder County Commissioner Seat B,JEFFREY D. SCOTT,REPUBLICAN,4440
Box Elder,Republican for Box Elder County Commissioner Seat B,JON E. ADAMS,REPUBLICAN,2909
Cache,Logan City School Board #5,LARRY J. WILLIAMS,,464
Cache,Logan City School Board #5,SARA MENLOVE DOUTRE,,387
Cache,Logan City School Board #5,DANIEL C. KENT,,167
Carbon,Democratic for Commission/Surveyor,JOHN JONES,DEMOCRATIC,365
Carbon,Democratic for Commission/Surveyor,JOE CHRISTMAN,DEMOCRATIC,292
Carbon,Republican for Clerk/Auditor,SETH MARSING,REPUBLICAN,795
Carbon,Republican for Clerk/Auditor,GLENNA ETZEL,REPUBLICAN,625
Carbon,Republican for Clerk/Auditor,DAVID B. PETTY,REPUBLICAN,451
Carbon,Republican for Commission,LARRY G JENSEN,REPUBLICAN,891
Carbon,Republican for Commission,KENDRA SEELEY,REPUBLICAN,510
Carbon,Republican for Commission,RYAN MURRAY,REPUBLICAN,415
Carbon,Republican for Commission,JAY DARTON DAUGHERTY,REPUBLICAN,83
Carbon,Republican for Commission/Surveyor,TONY MARTINES,REPUBLICAN,1415
Carbon,Republican for Commission/Surveyor,JAKE MELLOR,REPUBLICAN,489
Daggett,"Republican for County Commissioner ""B""",JACK JOHN A. LYTLE,REPUBLICAN,133
Daggett,"Republican for County Commissioner ""B""",MATTHEW TIPPETS,REPUBLICAN,123
Davis,Republican for Commissioner Seat A,BOB J. STEVENSON,REPUBLICAN,21831
Davis,Republican for Commissioner Seat A,BRIAN MUIR,REPUBLICAN,18221
Davis,Republican for Commissioner Seat B,LORENE MINER KAMALU,REPUBLICAN,16598
Davis,Republican for Commissioner Seat B,BRUCE YOUNG,REPUBLICAN,15507
Davis,Republican for Commissioner Seat B,THOMAS TONY CHRISTOPULOS,REPUBLICAN,7928
Davis,Davis School Board 3,JULIE TANNER,,4039
Davis,Davis School Board 3,SUSAN FIRMAGE,,3077
Davis,Davis School Board 3,BETH MCCONKIE BARBER,,2709
Davis,Davis School Board 6,MARIE STEVENSON,,3675
Davis,Davis School Board 6,BONNIE KAYE BOURGEOUS,,1795
Davis,Davis School Board 6,ERIN MARIE BLANKENSHIP,,971
Duchesne,Republican for CLERK-AUDITOR,JOANN EVANS,REPUBLICAN,1971
Duchesne,Republican for CLERK-AUDITOR,MINDI CROWLEY,REPUBLICAN,1535
Duchesne,Republican for SHERIFF,TRAVIS LANE TUCKER,REPUBLICAN,1132
Duchesne,Republican for SHERIFF,RICK HARRISON,REPUBLICAN,819
Duchesne,Republican for SHERIFF,LUKE STRADINGER,REPUBLICAN,789
Duchesne,Republican for SHERIFF,BRANDON ADAMS,REPUBLICAN,774
Emery,Republican for County Clerk/Auditor,BRENDA TUTTLE,REPUBLICAN,1095
Emery,Republican for County Clerk/Auditor,RUSSELL LARSEN,REPUBLICAN,677
Emery,Republican for County Sheriff,GREG FUNK,REPUBLICAN,1145
Emery,Republican for County Sheriff,KEATON COWLEY,REPUBLICAN,648
Emery,Local School Board 4,MARIE GUYMON JOHNSON,,179
Emery,Local School Board 4,NICKY NIELSON,,165
Emery,Local School Board 4,MIKE JUSTICE,,126
Garfield,GARFIELD COUNTY SCHOOL BOARD #4,CATHERINE J. ANDERSON,,135
Garfield,GARFIELD COUNTY SCHOOL BOARD #4,APRIL LEFEVRE,,121
Garfield,GARFIELD COUNTY SCHOOL BOARD #4,KEN PLATT,,81
Grand,County Attorney,CHRISTINA SLOAN,,1076
Grand,County Attorney,STEPHEN J STOCKS,,662
Grand,County Attorney,STEVEN G BYERS,,589
Iron,Republican for County Attorney,CHAD DOTSON,REPUBLICAN,3992
Iron,Republican for County Attorney,SCOTT BURNS,REPUBLICAN,3270
Iron,Republican for County Commissioner A,MICHAEL P BLEAK,REPUBLICAN,3841
Iron,Republican for County Commissioner A,FRED C ROWLEY,REPUBLICAN,3334
Iron,Republican for County Commissioner B,PAUL COZZENS,REPUBLICAN,2766
Iron,Republican for County Commissioner B,JENNIE HENDRICKS,REPUBLICAN,2351
Iron,Republican for County Commissioner B,MICHELLE JORGENSON,REPUBLICAN,1160
Iron,Republican for County Commissioner B,SAM BROWER,REPUBLICAN,1041
Iron,Republican for County Sheriff,KENNETH K. CARPENTER,REPUBLICAN,3136
Iron,Republican for County Sheriff,DEL SCHLOSSER,REPUBLICAN,2074
Iron,Republican for County Sheriff,DAVID EVANS,REPUBLICAN,1436
Iron,Republican for County Sheriff,CALEB ANDERSON,REPUBLICAN,666
Juab,Republican for Commissioner Seat B,RICHARD K. HANSEN,REPUBLICAN,851
Juab,Republican for Commissioner Seat B,JOLENE JACKSON,REPUBLICAN,798
Juab,Republican for Commissioner Seat B,MICHAEL JAMES KRAMER,REPUBLICAN,350
Juab,Republican for County Clerk/Auditor,ALAINA E. LOFGRAN,REPUBLICAN,1335
Juab,Republican for County Clerk/Auditor,GAYLE LESLIE PAINTER,REPUBLICAN,725
Juab,Republican for County Sheriff,DOUGLAS SCOTT ANDERSON,REPUBLICAN,1200
Juab,Republican for County Sheriff,CRAIG BARTON RYAN,REPUBLICAN,864
Kane,Republican for Kane County Commission Seat A,ANDY GANT,REPUBLICAN,1308
Kane,Republican for Kane County Commission Seat A,SHAWNA COX,REPUBLICAN,424
Kane,Republican for Kane County Commission Seat B,BRENT CHAMBERLAIN,REPUBLICAN,882
Kane,Republican for Kane County Commission Seat B,JIM MATSON,REPUBLICAN,433
Kane,Republican for Kane County Commission Seat B,TYLER CORNELL,REPUBLICAN,412
Kane,Republican for Kane County Clerk/Auditor,KARLA JOHNSON,REPUBLICAN,1002
Kane,Republican for Kane County Clerk/Auditor,KEIREN CHATTERLEY,REPUBLICAN,726
Kane,Republican for Kane County Attorney,ROBERT VAN DYKE,REPUBLICAN,1178
Kane,Republican for Kane County Attorney,VAN MACKELPRANG,REPUBLICAN,538
Kane,Local School Board 5,BRIAN C. GOULDING,,168
Kane,Local School Board 5,BETTY CHAMBERLAIN,,138
Kane,Local School Board 5,JOEIE L. HARRIS,,111
Kane,Local School Board 5,JOHN ROY TISDALE,,28
Millard,Republican for County Auditor,BONNIE L. GEHRE,REPUBLICAN,2001
Millard,Republican for County Auditor,KYLER C HUGHES,REPUBLICAN,861
Millard,Republican for County Commission Seat A,EVELYN M. WARNICK,REPUBLICAN,1684
Millard,Republican for County Commission Seat A,JEFFERY W. GEORGE,REPUBLICAN,808
Millard,Republican for County Commission Seat A,TODD MACFARLANE,REPUBLICAN,384
Millard,Republican for County Commissioner Seat B,DEAN WILLIAM DRAPER,REPUBLICAN,1578
Millard,Republican for County Commissioner Seat B,BRYCE TOLBERT,REPUBLICAN,1267
Millard,Republican for County Sheriff,RICHARD D. JACOBSON,REPUBLICAN,2187
Millard,Republican for County Sheriff,RICHARD J. CARTER,REPUBLICAN,699
Morgan,County Council District 1,TINA D. KELLEY,,296
Morgan,County Council District 1,TINA CANNON,,231
Morgan,County Council District 1,LARRY NANCE,,184
Morgan,County Council at Large,SARAH SWAN,,1022
Morgan,County Council at Large,AUSTIN F TURNER,,946
Morgan,County Council at Large,JOHN BARBER,,860
Morgan,County Council at Large,JAMIE E. GRANDPRE,,159
Morgan,County Clerk/Auditor,STACY NETZ CLARK,,2028
Morgan,County Clerk/Auditor,STEFANI JENSEN,,618
Morgan,County Clerk/Auditor,JONATHAN RINCON,,348
Piute,Republican for County Commissioner,SCOTT GARY DALTON,REPUBLICAN,229
Piute,Republican for County Commissioner,MARK B CANNON,REPUBLICAN,205
Rich,Republican for County Commissioner A,WILLIAM COX,REPUBLICAN,460
Rich,Republican for County Commissioner A,JONATHAN LEE,REPUBLICAN,427
Rich,Republican for County Commissioner B,SIMEON B. WESTON,REPUBLICAN,599
Rich,Republican for County Commissioner B,PAT ARGYLE,REPUBLICAN,281
Rich,Local School Board 3,ERIC DELMAS WAMSLEY,,111
Rich,Local School Board 3,MONTY G. WESTON,,75
Rich,Local School Board 3,DALLAS L. CLARK,,66
Rich,Local School Board 3,PATRICK FLOYD,,25
Salt Lake,Jordan School Board 3,TRACY MILLER,,3523
Salt Lake,Jordan School Board 3,ROY HARWARD,,1289
Salt Lake,Jordan School Board 3,CHRISTIAN COWART,,782
San Juan,Democratic for Commission District 3,KENNETH MARYBOY,DEMOCRATIC,626
San Juan,Democratic for Commission District 3,REBECCA M BENALLY,DEMOCRATIC,574
San Juan,Republican for Commission District 1,BRUCE BAILEY ADAMS,REPUBLICAN,559
San Juan,Republican for Commission District 1,LOGAN MONSON,REPUBLICAN,389
San Juan,Republican for County Sheriff,JASON F TORGERSON,REPUBLICAN,1045
San Juan,Republican for County Sheriff,CAL DEAN BLACK,REPUBLICAN,487
San Juan,School Board District #3,STEVEN C BLACK,,431
San Juan,School Board District #3,SUZETTE R MORRIS,,269
San Juan,School Board District #3,CURTIS YANITO,,256
San Juan,School Board District #4,MELVIN CAPITAN,,298
San Juan,School Board District #4,LUCILLE CODY,,270
San Juan,School Board District #4,BILLY TODACHENNIE,,223
San Juan,School Board District #4,ELSIE DEE,,170
San Juan,Bluff City Council 1.5 yrs,JIM SAYERS,,118
San Juan,Bluff City Council 1.5 yrs,BRANT MURRAY,,88
San Juan,Bluff City Council 1.5 yrs,AMER TUMEH,,59
San Juan,Bluff City Council 3.5 yrs,LUANNE HOOK,,105
San Juan,Bluff City Council 3.5 yrs,LINDA SOSA,,99
San Juan,Bluff City Council 3.5 yrs,JENNIFER DAVILA,,65
San Juan,Bluff City Mayor,MARCIA HADENFELDT,,69
Sanpete,Republican for County Commission Seat A,EDWIN B. SUNDERLAND,REPUBLICAN,2205
Sanpete,Republican for County Commission Seat A,JUSTIN B. ATKINSON,REPUBLICAN,1789
Sevier,Republican for County Commissioner A,SCOTT T. JOHNSON,REPUBLICAN,2442
Sevier,Republican for County Commissioner A,CONRAD MILLER,REPUBLICAN,1265
Sevier,Republican for County Clerk/Auditor,STEVEN C. WALL,REPUBLICAN,2219
Sevier,Republican for County Clerk/Auditor,ANNICKA ALBRECHT,REPUBLICAN,1560
Tooele,Republican for Tooele County Commissioner Seat A,TOM TRIPP,REPUBLICAN,3171
Tooele,Republican for Tooele County Commissioner Seat A,MITCH HALL,REPUBLICAN,2568
Tooele,Republican for Tooele County Commissioner Seat B,KENDALL THOMAS,REPUBLICAN,3260
Tooele,Republican for Tooele County Commissioner Seat B,BRENDA FADDIS,REPUBLICAN,2525
Tooele,Republican for Tooele County Auditor,ALISON H. MCCOY,REPUBLICAN,3580
Tooele,Republican for Tooele County Auditor,TRACEY MARZ,REPUBLICAN,2088
Tooele,Republican for Tooele County Sheriff,PAUL J. WIMMER,REPUBLICAN,3954
Tooele,Republican for Tooele County Sheriff,M. DEAN ADAMS,REPUBLICAN,1912
Uintah,Republican for Attorney,GREG LAMB,REPUBLICAN,4712
Uintah,Republican for Attorney,G. MARK THOMAS,REPUBLICAN,1617
Uintah,Republican for Commissioner A,BART HASLEM,REPUBLICAN,3778
Uintah,Republican for Commissioner A,JONI CRANE,REPUBLICAN,2584
Uintah,Republican for Commissioner A,DAN A. DILSAVER,REPUBLICAN,0
Uintah,Republican for Commissioner B,BILL STRINGER,REPUBLICAN,2331
Uintah,Republican for Commissioner B,TROY SLAUGH,REPUBLICAN,2113
Uintah,Republican for Commissioner B,DUANE W SHEPHERD,REPUBLICAN,1874
Uintah,Republican for Sheriff,STEVE LABRUM,REPUBLICAN,4022
Uintah,Republican for Sheriff,LEONARD F. ISAACSON,REPUBLICAN,2361
Uintah,School Board District 1,"HARLAN ""SCOOT"" WILKINS",,540
Uintah,School Board District 1,LORI GILLMAN,,430
Uintah,School Board District 1,RODNEY S. ANDERSON,,357
Uintah,School Board District 1,STEPHEN BORTON,,167
Utah,Republican for County Attorney,DAVID O. LEAVITT,REPUBLICAN,28284
Utah,Republican for County Attorney,CHAD GRUNANDER,REPUBLICAN,19857
Utah,Republican for County Commission Seat A,TANNER AINGE,REPUBLICAN,33814
Utah,Republican for County Commission Seat A,THOMAS V. SAKIEVICH,REPUBLICAN,14622
Utah,Republican for County Sheriff,MIKE SMITH,REPUBLICAN,30033
Utah,Republican for County Sheriff,JIM PHELPS,REPUBLICAN,18350
Utah,Alpine School Board 3,SARAH BEESON,,2555
Utah,Alpine School Board 3,'AFA K. PALU,,1014
Utah,Alpine School Board 3,KARA SHERMAN,,918
Utah,Nebo School Board 4,RICK B. AINGE,,1152
Utah,Nebo School Board 4,DREW DANIELS,,736
Utah,Nebo School Board 4,LARRY BALLARD,,396
Wasatch,Republican for Attorney,SCOTT H SWEAT,REPUBLICAN,1382
Wasatch,Republican for Attorney,TYLER J. BERG,REPUBLICAN,1100
Wasatch,Republican for Attorney,TYLER R. DOW,REPUBLICAN,889
Wasatch,Republican for Attorney,KIT R. KOSAKOWSKI,REPUBLICAN,563
Wasatch,Republican for County Council At Large A 7,MARILYN CRITTENDEN,REPUBLICAN,2094
Wasatch,Republican for County Council At Large A 7,ALAN WAYNE MCDONALD,REPUBLICAN,1842
Wasatch,Republican for County Council County East F 3,JEFF WADE,REPUBLICAN,484
Wasatch,Republican for County Council County East F 3,KIMO PAULSEN,REPUBLICAN,303
Washington,Republican for County Commission Seat A,GIL ALMQUIST,REPUBLICAN,12250
Washington,Republican for County Commission Seat A,ALLEN J DAVIS,REPUBLICAN,6250
Weber,Republican for Weber County Commissoner A,GAGE FROERER,REPUBLICAN,10943
Weber,Republican for Weber County Commissoner A,JAMES EBERT,REPUBLICAN,4996
Weber,Republican for Weber County Commissoner A,JAMES J. COUTS,REPUBLICAN,4468
Weber,Republican for Weber County Sheriff,RYAN ARBON,REPUBLICAN,10827
Weber,Republican for Weber County Sheriff,KEVIN BURNS,REPUBLICAN,5291
Weber,Republican for Weber County Sheriff,DAVID MACINNES,REPUBLICAN,3958
Weber,Ogden School Board District 2,DOUGLAS B. BARKER,,501
Weber,Ogden School Board District 2,DAVID L. SMITH,,373
Weber,Ogden School Board District 2,OSCAR L. MATA,,303
Weber,Ogden School Board District 4,SUNNI WILKINSON,,415
Weber,Ogden School Board District 4,IAIN HUETON,,228
Weber,Ogden School Board District 4,SHELDON CHESHIRE,,183
Weber,Weber School Board District 4,PAUL J. WIDDISON,,2155
Weber,Weber School Board District 4,STACY PALEN,,1220
Weber,Weber School Board District 4,BRICE LYTHGOE,,883
Weber,Weber School Board District 4,EDWARD N. PETERS,,304
