county,candidate,party,votes,state,race name
Statewide,Kevin De Leon,DEM,"435,639",CA,U.S. Senate
Statewide,Adrienne Nicole Edwards,DEM,"32,175",CA,U.S. Senate
Statewide,Dianne Feinstein,DEM,"1,694,819",CA,U.S. Senate
Statewide,Pat Harris,DEM,"72,780",CA,U.S. Senate
Statewide,Alison Hartson,DEM,"76,418",CA,U.S. Senate
Statewide,David Hildebrand,DEM,"17,455",CA,U.S. Senate
Statewide,Herbert G. Peters,DEM,"16,571",CA,U.S. Senate
Statewide,Douglas Howard Pierce,DEM,"25,360",CA,U.S. Senate
Statewide,Gerald Plummer,DEM,"11,265",CA,U.S. Senate
Statewide,Donnie O. Turner,DEM,"18,606",CA,U.S. Senate
Statewide,Arun K. Bhumitra,REP,"206,494",CA,U.S. Senate
Statewide,James P Bradley,REP,"340,669",CA,U.S. Senate
Statewide,"John ""Jack"" Crew",REP,"58,730",CA,U.S. Senate
Statewide,Erin Cruz,REP,"157,128",CA,U.S. Senate
Statewide,"Roque ""Rocky"" De La Fuente",REP,"85,160",CA,U.S. Senate
Statewide,Jerry Joseph Laws,REP,"43,331",CA,U.S. Senate
Statewide,Patrick Little,REP,"54,507",CA,U.S. Senate
Statewide,Kevin Mottus,REP,"53,631",CA,U.S. Senate
Statewide,Mario Nabliba,REP,"24,687",CA,U.S. Senate
Statewide,Tom Palzer,REP,"118,414",CA,U.S. Senate
Statewide,Paul A Taylor,REP,"198,037",CA,U.S. Senate
Statewide,Derrick Michael Reid,LIB,"33,552",CA,U.S. Senate
Statewide,John Thompson Parker,P&F,"12,463",CA,U.S. Senate
Statewide,Colleen Shea Fernald,NPP,"8,318",CA,U.S. Senate
Statewide,Rash Bihari Ghosh,NPP,"6,933",CA,U.S. Senate
Statewide,Tim Gildersleeve,NPP,"4,942",CA,U.S. Senate
Statewide,Michael Fahmy Girgis,NPP,"1,880",CA,U.S. Senate
Statewide,Don J. Grundmann,NPP,"8,829",CA,U.S. Senate
Statewide,Jason M. Hanania,NPP,"10,215",CA,U.S. Senate
Statewide,David Moore,NPP,"14,397",CA,U.S. Senate
Statewide,Lee Olson,NPP,"12,303",CA,U.S. Senate
Statewide,Ling Ling Shi,NPP,"14,134",CA,U.S. Senate
Alameda,Kevin De Leon,DEM,"27,403",CA,U.S. Senate
Alameda,Adrienne Nicole Edwards,DEM,"1,944",CA,U.S. Senate
Alameda,Dianne Feinstein,DEM,"94,631",CA,U.S. Senate
Alameda,Pat Harris,DEM,"4,044",CA,U.S. Senate
Alameda,Alison Hartson,DEM,"3,522",CA,U.S. Senate
Alameda,David Hildebrand,DEM,867,CA,U.S. Senate
Alameda,Herbert G. Peters,DEM,299,CA,U.S. Senate
Alameda,Douglas Howard Pierce,DEM,559,CA,U.S. Senate
Alameda,Gerald Plummer,DEM,256,CA,U.S. Senate
Alameda,Donnie O. Turner,DEM,792,CA,U.S. Senate
Alameda,Arun K. Bhumitra,REP,"3,711",CA,U.S. Senate
Alameda,James P Bradley,REP,"4,730",CA,U.S. Senate
Alameda,"John ""Jack"" Crew",REP,827,CA,U.S. Senate
Alameda,Erin Cruz,REP,"3,956",CA,U.S. Senate
Alameda,"Roque ""Rocky"" De La Fuente",REP,"1,950",CA,U.S. Senate
Alameda,Jerry Joseph Laws,REP,563,CA,U.S. Senate
Alameda,Patrick Little,REP,758,CA,U.S. Senate
Alameda,Kevin Mottus,REP,"1,335",CA,U.S. Senate
Alameda,Mario Nabliba,REP,659,CA,U.S. Senate
Alameda,Tom Palzer,REP,"1,589",CA,U.S. Senate
Alameda,Paul A Taylor,REP,"5,607",CA,U.S. Senate
Alameda,Derrick Michael Reid,LIB,"1,238",CA,U.S. Senate
Alameda,John Thompson Parker,P&F,718,CA,U.S. Senate
Alameda,Colleen Shea Fernald,NPP,466,CA,U.S. Senate
Alameda,Rash Bihari Ghosh,NPP,322,CA,U.S. Senate
Alameda,Tim Gildersleeve,NPP,119,CA,U.S. Senate
Alameda,Michael Fahmy Girgis,NPP,34,CA,U.S. Senate
Alameda,Don J. Grundmann,NPP,203,CA,U.S. Senate
Alameda,Jason M. Hanania,NPP,496,CA,U.S. Senate
Alameda,David Moore,NPP,471,CA,U.S. Senate
Alameda,Lee Olson,NPP,554,CA,U.S. Senate
Alameda,Ling Ling Shi,NPP,677,CA,U.S. Senate
Alpine,Kevin De Leon,DEM,25,CA,U.S. Senate
Alpine,Adrienne Nicole Edwards,DEM,4,CA,U.S. Senate
Alpine,Dianne Feinstein,DEM,182,CA,U.S. Senate
Alpine,Pat Harris,DEM,7,CA,U.S. Senate
Alpine,Alison Hartson,DEM,9,CA,U.S. Senate
Alpine,David Hildebrand,DEM,2,CA,U.S. Senate
Alpine,Herbert G. Peters,DEM,2,CA,U.S. Senate
Alpine,Douglas Howard Pierce,DEM,2,CA,U.S. Senate
Alpine,Gerald Plummer,DEM,0,CA,U.S. Senate
Alpine,Donnie O. Turner,DEM,2,CA,U.S. Senate
Alpine,Arun K. Bhumitra,REP,4,CA,U.S. Senate
Alpine,James P Bradley,REP,35,CA,U.S. Senate
Alpine,"John ""Jack"" Crew",REP,8,CA,U.S. Senate
Alpine,Erin Cruz,REP,16,CA,U.S. Senate
Alpine,"Roque ""Rocky"" De La Fuente",REP,6,CA,U.S. Senate
Alpine,Jerry Joseph Laws,REP,5,CA,U.S. Senate
Alpine,Patrick Little,REP,4,CA,U.S. Senate
Alpine,Kevin Mottus,REP,7,CA,U.S. Senate
Alpine,Mario Nabliba,REP,2,CA,U.S. Senate
Alpine,Tom Palzer,REP,8,CA,U.S. Senate
Alpine,Paul A Taylor,REP,12,CA,U.S. Senate
Alpine,Derrick Michael Reid,LIB,3,CA,U.S. Senate
Alpine,John Thompson Parker,P&F,0,CA,U.S. Senate
Alpine,Colleen Shea Fernald,NPP,0,CA,U.S. Senate
Alpine,Rash Bihari Ghosh,NPP,0,CA,U.S. Senate
Alpine,Tim Gildersleeve,NPP,0,CA,U.S. Senate
Alpine,Michael Fahmy Girgis,NPP,0,CA,U.S. Senate
Alpine,Don J. Grundmann,NPP,3,CA,U.S. Senate
Alpine,Jason M. Hanania,NPP,0,CA,U.S. Senate
Alpine,David Moore,NPP,0,CA,U.S. Senate
Alpine,Lee Olson,NPP,0,CA,U.S. Senate
Alpine,Ling Ling Shi,NPP,2,CA,U.S. Senate
Amador,Kevin De Leon,DEM,225,CA,U.S. Senate
Amador,Adrienne Nicole Edwards,DEM,26,CA,U.S. Senate
Amador,Dianne Feinstein,DEM,"1,200",CA,U.S. Senate
Amador,Pat Harris,DEM,53,CA,U.S. Senate
Amador,Alison Hartson,DEM,75,CA,U.S. Senate
Amador,David Hildebrand,DEM,13,CA,U.S. Senate
Amador,Herbert G. Peters,DEM,42,CA,U.S. Senate
Amador,Douglas Howard Pierce,DEM,20,CA,U.S. Senate
Amador,Gerald Plummer,DEM,8,CA,U.S. Senate
Amador,Donnie O. Turner,DEM,24,CA,U.S. Senate
Amador,Arun K. Bhumitra,REP,332,CA,U.S. Senate
Amador,James P Bradley,REP,769,CA,U.S. Senate
Amador,"John ""Jack"" Crew",REP,143,CA,U.S. Senate
Amador,Erin Cruz,REP,274,CA,U.S. Senate
Amador,"Roque ""Rocky"" De La Fuente",REP,96,CA,U.S. Senate
Amador,Jerry Joseph Laws,REP,100,CA,U.S. Senate
Amador,Patrick Little,REP,92,CA,U.S. Senate
Amador,Kevin Mottus,REP,75,CA,U.S. Senate
Amador,Mario Nabliba,REP,22,CA,U.S. Senate
Amador,Tom Palzer,REP,116,CA,U.S. Senate
Amador,Paul A Taylor,REP,280,CA,U.S. Senate
Amador,Derrick Michael Reid,LIB,45,CA,U.S. Senate
Amador,John Thompson Parker,P&F,37,CA,U.S. Senate
Amador,Colleen Shea Fernald,NPP,19,CA,U.S. Senate
Amador,Rash Bihari Ghosh,NPP,3,CA,U.S. Senate
Amador,Tim Gildersleeve,NPP,8,CA,U.S. Senate
Amador,Michael Fahmy Girgis,NPP,0,CA,U.S. Senate
Amador,Don J. Grundmann,NPP,21,CA,U.S. Senate
Amador,Jason M. Hanania,NPP,14,CA,U.S. Senate
Amador,David Moore,NPP,16,CA,U.S. Senate
Amador,Lee Olson,NPP,17,CA,U.S. Senate
Amador,Ling Ling Shi,NPP,7,CA,U.S. Senate
Butte,Kevin De Leon,DEM,"2,710",CA,U.S. Senate
Butte,Adrienne Nicole Edwards,DEM,304,CA,U.S. Senate
Butte,Dianne Feinstein,DEM,"12,465",CA,U.S. Senate
Butte,Pat Harris,DEM,564,CA,U.S. Senate
Butte,Alison Hartson,DEM,"1,033",CA,U.S. Senate
Butte,David Hildebrand,DEM,177,CA,U.S. Senate
Butte,Herbert G. Peters,DEM,244,CA,U.S. Senate
Butte,Douglas Howard Pierce,DEM,533,CA,U.S. Senate
Butte,Gerald Plummer,DEM,119,CA,U.S. Senate
Butte,Donnie O. Turner,DEM,248,CA,U.S. Senate
Butte,Arun K. Bhumitra,REP,727,CA,U.S. Senate
Butte,James P Bradley,REP,"4,987",CA,U.S. Senate
Butte,"John ""Jack"" Crew",REP,951,CA,U.S. Senate
Butte,Erin Cruz,REP,"2,678",CA,U.S. Senate
Butte,"Roque ""Rocky"" De La Fuente",REP,903,CA,U.S. Senate
Butte,Jerry Joseph Laws,REP,588,CA,U.S. Senate
Butte,Patrick Little,REP,499,CA,U.S. Senate
Butte,Kevin Mottus,REP,781,CA,U.S. Senate
Butte,Mario Nabliba,REP,205,CA,U.S. Senate
Butte,Tom Palzer,REP,"1,162",CA,U.S. Senate
Butte,Paul A Taylor,REP,"2,399",CA,U.S. Senate
Butte,Derrick Michael Reid,LIB,441,CA,U.S. Senate
Butte,John Thompson Parker,P&F,262,CA,U.S. Senate
Butte,Colleen Shea Fernald,NPP,103,CA,U.S. Senate
Butte,Rash Bihari Ghosh,NPP,83,CA,U.S. Senate
Butte,Tim Gildersleeve,NPP,87,CA,U.S. Senate
Butte,Michael Fahmy Girgis,NPP,11,CA,U.S. Senate
Butte,Don J. Grundmann,NPP,203,CA,U.S. Senate
Butte,Jason M. Hanania,NPP,123,CA,U.S. Senate
Butte,David Moore,NPP,188,CA,U.S. Senate
Butte,Lee Olson,NPP,147,CA,U.S. Senate
Butte,Ling Ling Shi,NPP,45,CA,U.S. Senate
Calaveras,Kevin De Leon,DEM,488,CA,U.S. Senate
Calaveras,Adrienne Nicole Edwards,DEM,70,CA,U.S. Senate
Calaveras,Dianne Feinstein,DEM,"2,623",CA,U.S. Senate
Calaveras,Pat Harris,DEM,95,CA,U.S. Senate
Calaveras,Alison Hartson,DEM,195,CA,U.S. Senate
Calaveras,David Hildebrand,DEM,32,CA,U.S. Senate
Calaveras,Herbert G. Peters,DEM,113,CA,U.S. Senate
Calaveras,Douglas Howard Pierce,DEM,45,CA,U.S. Senate
Calaveras,Gerald Plummer,DEM,17,CA,U.S. Senate
Calaveras,Donnie O. Turner,DEM,66,CA,U.S. Senate
Calaveras,Arun K. Bhumitra,REP,709,CA,U.S. Senate
Calaveras,James P Bradley,REP,"1,598",CA,U.S. Senate
Calaveras,"John ""Jack"" Crew",REP,263,CA,U.S. Senate
Calaveras,Erin Cruz,REP,720,CA,U.S. Senate
Calaveras,"Roque ""Rocky"" De La Fuente",REP,160,CA,U.S. Senate
Calaveras,Jerry Joseph Laws,REP,241,CA,U.S. Senate
Calaveras,Patrick Little,REP,154,CA,U.S. Senate
Calaveras,Kevin Mottus,REP,176,CA,U.S. Senate
Calaveras,Mario Nabliba,REP,40,CA,U.S. Senate
Calaveras,Tom Palzer,REP,188,CA,U.S. Senate
Calaveras,Paul A Taylor,REP,520,CA,U.S. Senate
Calaveras,Derrick Michael Reid,LIB,127,CA,U.S. Senate
Calaveras,John Thompson Parker,P&F,47,CA,U.S. Senate
Calaveras,Colleen Shea Fernald,NPP,39,CA,U.S. Senate
Calaveras,Rash Bihari Ghosh,NPP,17,CA,U.S. Senate
Calaveras,Tim Gildersleeve,NPP,28,CA,U.S. Senate
Calaveras,Michael Fahmy Girgis,NPP,2,CA,U.S. Senate
Calaveras,Don J. Grundmann,NPP,58,CA,U.S. Senate
Calaveras,Jason M. Hanania,NPP,27,CA,U.S. Senate
Calaveras,David Moore,NPP,34,CA,U.S. Senate
Calaveras,Lee Olson,NPP,38,CA,U.S. Senate
Calaveras,Ling Ling Shi,NPP,14,CA,U.S. Senate
Colusa,Kevin De Leon,DEM,196,CA,U.S. Senate
Colusa,Adrienne Nicole Edwards,DEM,10,CA,U.S. Senate
Colusa,Dianne Feinstein,DEM,545,CA,U.S. Senate
Colusa,Pat Harris,DEM,34,CA,U.S. Senate
Colusa,Alison Hartson,DEM,42,CA,U.S. Senate
Colusa,David Hildebrand,DEM,10,CA,U.S. Senate
Colusa,Herbert G. Peters,DEM,21,CA,U.S. Senate
Colusa,Douglas Howard Pierce,DEM,44,CA,U.S. Senate
Colusa,Gerald Plummer,DEM,5,CA,U.S. Senate
Colusa,Donnie O. Turner,DEM,8,CA,U.S. Senate
Colusa,Arun K. Bhumitra,REP,29,CA,U.S. Senate
Colusa,James P Bradley,REP,487,CA,U.S. Senate
Colusa,"John ""Jack"" Crew",REP,101,CA,U.S. Senate
Colusa,Erin Cruz,REP,239,CA,U.S. Senate
Colusa,"Roque ""Rocky"" De La Fuente",REP,71,CA,U.S. Senate
Colusa,Jerry Joseph Laws,REP,59,CA,U.S. Senate
Colusa,Patrick Little,REP,71,CA,U.S. Senate
Colusa,Kevin Mottus,REP,58,CA,U.S. Senate
Colusa,Mario Nabliba,REP,8,CA,U.S. Senate
Colusa,Tom Palzer,REP,64,CA,U.S. Senate
Colusa,Paul A Taylor,REP,200,CA,U.S. Senate
Colusa,Derrick Michael Reid,LIB,28,CA,U.S. Senate
Colusa,John Thompson Parker,P&F,9,CA,U.S. Senate
Colusa,Colleen Shea Fernald,NPP,7,CA,U.S. Senate
Colusa,Rash Bihari Ghosh,NPP,2,CA,U.S. Senate
Colusa,Tim Gildersleeve,NPP,8,CA,U.S. Senate
Colusa,Michael Fahmy Girgis,NPP,3,CA,U.S. Senate
Colusa,Don J. Grundmann,NPP,13,CA,U.S. Senate
Colusa,Jason M. Hanania,NPP,15,CA,U.S. Senate
Colusa,David Moore,NPP,9,CA,U.S. Senate
Colusa,Lee Olson,NPP,13,CA,U.S. Senate
Colusa,Ling Ling Shi,NPP,3,CA,U.S. Senate
Contra Costa,Kevin De Leon,DEM,"11,408",CA,U.S. Senate
Contra Costa,Adrienne Nicole Edwards,DEM,926,CA,U.S. Senate
Contra Costa,Dianne Feinstein,DEM,"66,024",CA,U.S. Senate
Contra Costa,Pat Harris,DEM,"1,973",CA,U.S. Senate
Contra Costa,Alison Hartson,DEM,"2,465",CA,U.S. Senate
Contra Costa,David Hildebrand,DEM,386,CA,U.S. Senate
Contra Costa,Herbert G. Peters,DEM,198,CA,U.S. Senate
Contra Costa,Douglas Howard Pierce,DEM,314,CA,U.S. Senate
Contra Costa,Gerald Plummer,DEM,206,CA,U.S. Senate
Contra Costa,Donnie O. Turner,DEM,545,CA,U.S. Senate
Contra Costa,Arun K. Bhumitra,REP,"5,049",CA,U.S. Senate
Contra Costa,James P Bradley,REP,"5,582",CA,U.S. Senate
Contra Costa,"John ""Jack"" Crew",REP,"1,802",CA,U.S. Senate
Contra Costa,Erin Cruz,REP,"6,016",CA,U.S. Senate
Contra Costa,"Roque ""Rocky"" De La Fuente",REP,"1,784",CA,U.S. Senate
Contra Costa,Jerry Joseph Laws,REP,537,CA,U.S. Senate
Contra Costa,Patrick Little,REP,666,CA,U.S. Senate
Contra Costa,Kevin Mottus,REP,"1,332",CA,U.S. Senate
Contra Costa,Mario Nabliba,REP,574,CA,U.S. Senate
Contra Costa,Tom Palzer,REP,"1,932",CA,U.S. Senate
Contra Costa,Paul A Taylor,REP,"5,544",CA,U.S. Senate
Contra Costa,Derrick Michael Reid,LIB,"1,157",CA,U.S. Senate
Contra Costa,John Thompson Parker,P&F,297,CA,U.S. Senate
Contra Costa,Colleen Shea Fernald,NPP,251,CA,U.S. Senate
Contra Costa,Rash Bihari Ghosh,NPP,166,CA,U.S. Senate
Contra Costa,Tim Gildersleeve,NPP,117,CA,U.S. Senate
Contra Costa,Michael Fahmy Girgis,NPP,44,CA,U.S. Senate
Contra Costa,Don J. Grundmann,NPP,211,CA,U.S. Senate
Contra Costa,Jason M. Hanania,NPP,352,CA,U.S. Senate
Contra Costa,David Moore,NPP,407,CA,U.S. Senate
Contra Costa,Lee Olson,NPP,343,CA,U.S. Senate
Contra Costa,Ling Ling Shi,NPP,317,CA,U.S. Senate
Del Norte,Kevin De Leon,DEM,302,CA,U.S. Senate
Del Norte,Adrienne Nicole Edwards,DEM,28,CA,U.S. Senate
Del Norte,Dianne Feinstein,DEM,"1,272",CA,U.S. Senate
Del Norte,Pat Harris,DEM,55,CA,U.S. Senate
Del Norte,Alison Hartson,DEM,118,CA,U.S. Senate
Del Norte,David Hildebrand,DEM,35,CA,U.S. Senate
Del Norte,Herbert G. Peters,DEM,17,CA,U.S. Senate
Del Norte,Douglas Howard Pierce,DEM,49,CA,U.S. Senate
Del Norte,Gerald Plummer,DEM,14,CA,U.S. Senate
Del Norte,Donnie O. Turner,DEM,29,CA,U.S. Senate
Del Norte,Arun K. Bhumitra,REP,91,CA,U.S. Senate
Del Norte,James P Bradley,REP,478,CA,U.S. Senate
Del Norte,"John ""Jack"" Crew",REP,121,CA,U.S. Senate
Del Norte,Erin Cruz,REP,545,CA,U.S. Senate
Del Norte,"Roque ""Rocky"" De La Fuente",REP,75,CA,U.S. Senate
Del Norte,Jerry Joseph Laws,REP,91,CA,U.S. Senate
Del Norte,Patrick Little,REP,79,CA,U.S. Senate
Del Norte,Kevin Mottus,REP,82,CA,U.S. Senate
Del Norte,Mario Nabliba,REP,37,CA,U.S. Senate
Del Norte,Tom Palzer,REP,343,CA,U.S. Senate
Del Norte,Paul A Taylor,REP,338,CA,U.S. Senate
Del Norte,Derrick Michael Reid,LIB,25,CA,U.S. Senate
Del Norte,John Thompson Parker,P&F,34,CA,U.S. Senate
Del Norte,Colleen Shea Fernald,NPP,12,CA,U.S. Senate
Del Norte,Rash Bihari Ghosh,NPP,6,CA,U.S. Senate
Del Norte,Tim Gildersleeve,NPP,12,CA,U.S. Senate
Del Norte,Michael Fahmy Girgis,NPP,0,CA,U.S. Senate
Del Norte,Don J. Grundmann,NPP,25,CA,U.S. Senate
Del Norte,Jason M. Hanania,NPP,15,CA,U.S. Senate
Del Norte,David Moore,NPP,21,CA,U.S. Senate
Del Norte,Lee Olson,NPP,13,CA,U.S. Senate
Del Norte,Ling Ling Shi,NPP,3,CA,U.S. Senate
El Dorado,Kevin De Leon,DEM,"2,412",CA,U.S. Senate
El Dorado,Adrienne Nicole Edwards,DEM,197,CA,U.S. Senate
El Dorado,Dianne Feinstein,DEM,"11,163",CA,U.S. Senate
El Dorado,Pat Harris,DEM,331,CA,U.S. Senate
El Dorado,Alison Hartson,DEM,739,CA,U.S. Senate
El Dorado,David Hildebrand,DEM,63,CA,U.S. Senate
El Dorado,Herbert G. Peters,DEM,189,CA,U.S. Senate
El Dorado,Douglas Howard Pierce,DEM,149,CA,U.S. Senate
El Dorado,Gerald Plummer,DEM,60,CA,U.S. Senate
El Dorado,Donnie O. Turner,DEM,127,CA,U.S. Senate
El Dorado,Arun K. Bhumitra,REP,"1,175",CA,U.S. Senate
El Dorado,James P Bradley,REP,"6,048",CA,U.S. Senate
El Dorado,"John ""Jack"" Crew",REP,756,CA,U.S. Senate
El Dorado,Erin Cruz,REP,"2,605",CA,U.S. Senate
El Dorado,"Roque ""Rocky"" De La Fuente",REP,674,CA,U.S. Senate
El Dorado,Jerry Joseph Laws,REP,579,CA,U.S. Senate
El Dorado,Patrick Little,REP,466,CA,U.S. Senate
El Dorado,Kevin Mottus,REP,678,CA,U.S. Senate
El Dorado,Mario Nabliba,REP,219,CA,U.S. Senate
El Dorado,Tom Palzer,REP,"1,009",CA,U.S. Senate
El Dorado,Paul A Taylor,REP,"2,020",CA,U.S. Senate
El Dorado,Derrick Michael Reid,LIB,455,CA,U.S. Senate
El Dorado,John Thompson Parker,P&F,71,CA,U.S. Senate
El Dorado,Colleen Shea Fernald,NPP,88,CA,U.S. Senate
El Dorado,Rash Bihari Ghosh,NPP,63,CA,U.S. Senate
El Dorado,Tim Gildersleeve,NPP,47,CA,U.S. Senate
El Dorado,Michael Fahmy Girgis,NPP,6,CA,U.S. Senate
El Dorado,Don J. Grundmann,NPP,126,CA,U.S. Senate
El Dorado,Jason M. Hanania,NPP,98,CA,U.S. Senate
El Dorado,David Moore,NPP,96,CA,U.S. Senate
El Dorado,Lee Olson,NPP,108,CA,U.S. Senate
El Dorado,Ling Ling Shi,NPP,34,CA,U.S. Senate
Fresno,Kevin De Leon,DEM,"7,103",CA,U.S. Senate
Fresno,Adrienne Nicole Edwards,DEM,459,CA,U.S. Senate
Fresno,Dianne Feinstein,DEM,"25,226",CA,U.S. Senate
Fresno,Pat Harris,DEM,"2,581",CA,U.S. Senate
Fresno,Alison Hartson,DEM,"1,288",CA,U.S. Senate
Fresno,David Hildebrand,DEM,456,CA,U.S. Senate
Fresno,Herbert G. Peters,DEM,407,CA,U.S. Senate
Fresno,Douglas Howard Pierce,DEM,729,CA,U.S. Senate
Fresno,Gerald Plummer,DEM,493,CA,U.S. Senate
Fresno,Donnie O. Turner,DEM,628,CA,U.S. Senate
Fresno,Arun K. Bhumitra,REP,"1,921",CA,U.S. Senate
Fresno,James P Bradley,REP,"10,763",CA,U.S. Senate
Fresno,"John ""Jack"" Crew",REP,"1,323",CA,U.S. Senate
Fresno,Erin Cruz,REP,"3,683",CA,U.S. Senate
Fresno,"Roque ""Rocky"" De La Fuente",REP,"3,619",CA,U.S. Senate
Fresno,Jerry Joseph Laws,REP,931,CA,U.S. Senate
Fresno,Patrick Little,REP,"1,027",CA,U.S. Senate
Fresno,Kevin Mottus,REP,"1,909",CA,U.S. Senate
Fresno,Mario Nabliba,REP,"1,179",CA,U.S. Senate
Fresno,Tom Palzer,REP,"4,470",CA,U.S. Senate
Fresno,Paul A Taylor,REP,"6,206",CA,U.S. Senate
Fresno,Derrick Michael Reid,LIB,633,CA,U.S. Senate
Fresno,John Thompson Parker,P&F,183,CA,U.S. Senate
Fresno,Colleen Shea Fernald,NPP,140,CA,U.S. Senate
Fresno,Rash Bihari Ghosh,NPP,153,CA,U.S. Senate
Fresno,Tim Gildersleeve,NPP,119,CA,U.S. Senate
Fresno,Michael Fahmy Girgis,NPP,46,CA,U.S. Senate
Fresno,Don J. Grundmann,NPP,172,CA,U.S. Senate
Fresno,Jason M. Hanania,NPP,265,CA,U.S. Senate
Fresno,David Moore,NPP,774,CA,U.S. Senate
Fresno,Lee Olson,NPP,404,CA,U.S. Senate
Fresno,Ling Ling Shi,NPP,277,CA,U.S. Senate
Glenn,Kevin De Leon,DEM,146,CA,U.S. Senate
Glenn,Adrienne Nicole Edwards,DEM,22,CA,U.S. Senate
Glenn,Dianne Feinstein,DEM,686,CA,U.S. Senate
Glenn,Pat Harris,DEM,33,CA,U.S. Senate
Glenn,Alison Hartson,DEM,65,CA,U.S. Senate
Glenn,David Hildebrand,DEM,16,CA,U.S. Senate
Glenn,Herbert G. Peters,DEM,18,CA,U.S. Senate
Glenn,Douglas Howard Pierce,DEM,43,CA,U.S. Senate
Glenn,Gerald Plummer,DEM,5,CA,U.S. Senate
Glenn,Donnie O. Turner,DEM,14,CA,U.S. Senate
Glenn,Arun K. Bhumitra,REP,52,CA,U.S. Senate
Glenn,James P Bradley,REP,684,CA,U.S. Senate
Glenn,"John ""Jack"" Crew",REP,150,CA,U.S. Senate
Glenn,Erin Cruz,REP,373,CA,U.S. Senate
Glenn,"Roque ""Rocky"" De La Fuente",REP,91,CA,U.S. Senate
Glenn,Jerry Joseph Laws,REP,55,CA,U.S. Senate
Glenn,Patrick Little,REP,80,CA,U.S. Senate
Glenn,Kevin Mottus,REP,103,CA,U.S. Senate
Glenn,Mario Nabliba,REP,18,CA,U.S. Senate
Glenn,Tom Palzer,REP,104,CA,U.S. Senate
Glenn,Paul A Taylor,REP,389,CA,U.S. Senate
Glenn,Derrick Michael Reid,LIB,38,CA,U.S. Senate
Glenn,John Thompson Parker,P&F,20,CA,U.S. Senate
Glenn,Colleen Shea Fernald,NPP,5,CA,U.S. Senate
Glenn,Rash Bihari Ghosh,NPP,2,CA,U.S. Senate
Glenn,Tim Gildersleeve,NPP,17,CA,U.S. Senate
Glenn,Michael Fahmy Girgis,NPP,0,CA,U.S. Senate
Glenn,Don J. Grundmann,NPP,32,CA,U.S. Senate
Glenn,Jason M. Hanania,NPP,10,CA,U.S. Senate
Glenn,David Moore,NPP,15,CA,U.S. Senate
Glenn,Lee Olson,NPP,3,CA,U.S. Senate
Glenn,Ling Ling Shi,NPP,12,CA,U.S. Senate
Humboldt,Kevin De Leon,DEM,"2,156",CA,U.S. Senate
Humboldt,Adrienne Nicole Edwards,DEM,283,CA,U.S. Senate
Humboldt,Dianne Feinstein,DEM,"8,167",CA,U.S. Senate
Humboldt,Pat Harris,DEM,406,CA,U.S. Senate
Humboldt,Alison Hartson,DEM,653,CA,U.S. Senate
Humboldt,David Hildebrand,DEM,114,CA,U.S. Senate
Humboldt,Herbert G. Peters,DEM,137,CA,U.S. Senate
Humboldt,Douglas Howard Pierce,DEM,267,CA,U.S. Senate
Humboldt,Gerald Plummer,DEM,42,CA,U.S. Senate
Humboldt,Donnie O. Turner,DEM,160,CA,U.S. Senate
Humboldt,Arun K. Bhumitra,REP,443,CA,U.S. Senate
Humboldt,James P Bradley,REP,"1,760",CA,U.S. Senate
Humboldt,"John ""Jack"" Crew",REP,332,CA,U.S. Senate
Humboldt,Erin Cruz,REP,738,CA,U.S. Senate
Humboldt,"Roque ""Rocky"" De La Fuente",REP,217,CA,U.S. Senate
Humboldt,Jerry Joseph Laws,REP,253,CA,U.S. Senate
Humboldt,Patrick Little,REP,155,CA,U.S. Senate
Humboldt,Kevin Mottus,REP,197,CA,U.S. Senate
Humboldt,Mario Nabliba,REP,67,CA,U.S. Senate
Humboldt,Tom Palzer,REP,920,CA,U.S. Senate
Humboldt,Paul A Taylor,REP,946,CA,U.S. Senate
Humboldt,Derrick Michael Reid,LIB,193,CA,U.S. Senate
Humboldt,John Thompson Parker,P&F,124,CA,U.S. Senate
Humboldt,Colleen Shea Fernald,NPP,40,CA,U.S. Senate
Humboldt,Rash Bihari Ghosh,NPP,57,CA,U.S. Senate
Humboldt,Tim Gildersleeve,NPP,41,CA,U.S. Senate
Humboldt,Michael Fahmy Girgis,NPP,6,CA,U.S. Senate
Humboldt,Don J. Grundmann,NPP,53,CA,U.S. Senate
Humboldt,Jason M. Hanania,NPP,49,CA,U.S. Senate
Humboldt,David Moore,NPP,61,CA,U.S. Senate
Humboldt,Lee Olson,NPP,26,CA,U.S. Senate
Humboldt,Ling Ling Shi,NPP,32,CA,U.S. Senate
Imperial,Kevin De Leon,DEM,"1,577",CA,U.S. Senate
Imperial,Adrienne Nicole Edwards,DEM,110,CA,U.S. Senate
Imperial,Dianne Feinstein,DEM,"3,085",CA,U.S. Senate
Imperial,Pat Harris,DEM,256,CA,U.S. Senate
Imperial,Alison Hartson,DEM,565,CA,U.S. Senate
Imperial,David Hildebrand,DEM,192,CA,U.S. Senate
Imperial,Herbert G. Peters,DEM,59,CA,U.S. Senate
Imperial,Douglas Howard Pierce,DEM,153,CA,U.S. Senate
Imperial,Gerald Plummer,DEM,52,CA,U.S. Senate
Imperial,Donnie O. Turner,DEM,89,CA,U.S. Senate
Imperial,Arun K. Bhumitra,REP,414,CA,U.S. Senate
Imperial,James P Bradley,REP,738,CA,U.S. Senate
Imperial,"John ""Jack"" Crew",REP,149,CA,U.S. Senate
Imperial,Erin Cruz,REP,586,CA,U.S. Senate
Imperial,"Roque ""Rocky"" De La Fuente",REP,767,CA,U.S. Senate
Imperial,Jerry Joseph Laws,REP,80,CA,U.S. Senate
Imperial,Patrick Little,REP,188,CA,U.S. Senate
Imperial,Kevin Mottus,REP,191,CA,U.S. Senate
Imperial,Mario Nabliba,REP,127,CA,U.S. Senate
Imperial,Tom Palzer,REP,270,CA,U.S. Senate
Imperial,Paul A Taylor,REP,538,CA,U.S. Senate
Imperial,Derrick Michael Reid,LIB,59,CA,U.S. Senate
Imperial,John Thompson Parker,P&F,43,CA,U.S. Senate
Imperial,Colleen Shea Fernald,NPP,18,CA,U.S. Senate
Imperial,Rash Bihari Ghosh,NPP,25,CA,U.S. Senate
Imperial,Tim Gildersleeve,NPP,29,CA,U.S. Senate
Imperial,Michael Fahmy Girgis,NPP,10,CA,U.S. Senate
Imperial,Don J. Grundmann,NPP,17,CA,U.S. Senate
Imperial,Jason M. Hanania,NPP,41,CA,U.S. Senate
Imperial,David Moore,NPP,148,CA,U.S. Senate
Imperial,Lee Olson,NPP,67,CA,U.S. Senate
Imperial,Ling Ling Shi,NPP,45,CA,U.S. Senate
Inyo,Kevin De Leon,DEM,274,CA,U.S. Senate
Inyo,Adrienne Nicole Edwards,DEM,24,CA,U.S. Senate
Inyo,Dianne Feinstein,DEM,"1,022",CA,U.S. Senate
Inyo,Pat Harris,DEM,64,CA,U.S. Senate
Inyo,Alison Hartson,DEM,71,CA,U.S. Senate
Inyo,David Hildebrand,DEM,76,CA,U.S. Senate
Inyo,Herbert G. Peters,DEM,20,CA,U.S. Senate
Inyo,Douglas Howard Pierce,DEM,22,CA,U.S. Senate
Inyo,Gerald Plummer,DEM,20,CA,U.S. Senate
Inyo,Donnie O. Turner,DEM,19,CA,U.S. Senate
Inyo,Arun K. Bhumitra,REP,38,CA,U.S. Senate
Inyo,James P Bradley,REP,419,CA,U.S. Senate
Inyo,"John ""Jack"" Crew",REP,121,CA,U.S. Senate
Inyo,Erin Cruz,REP,197,CA,U.S. Senate
Inyo,"Roque ""Rocky"" De La Fuente",REP,183,CA,U.S. Senate
Inyo,Jerry Joseph Laws,REP,80,CA,U.S. Senate
Inyo,Patrick Little,REP,38,CA,U.S. Senate
Inyo,Kevin Mottus,REP,118,CA,U.S. Senate
Inyo,Mario Nabliba,REP,38,CA,U.S. Senate
Inyo,Tom Palzer,REP,146,CA,U.S. Senate
Inyo,Paul A Taylor,REP,312,CA,U.S. Senate
Inyo,Derrick Michael Reid,LIB,51,CA,U.S. Senate
Inyo,John Thompson Parker,P&F,15,CA,U.S. Senate
Inyo,Colleen Shea Fernald,NPP,11,CA,U.S. Senate
Inyo,Rash Bihari Ghosh,NPP,9,CA,U.S. Senate
Inyo,Tim Gildersleeve,NPP,4,CA,U.S. Senate
Inyo,Michael Fahmy Girgis,NPP,3,CA,U.S. Senate
Inyo,Don J. Grundmann,NPP,16,CA,U.S. Senate
Inyo,Jason M. Hanania,NPP,10,CA,U.S. Senate
Inyo,David Moore,NPP,27,CA,U.S. Senate
Inyo,Lee Olson,NPP,30,CA,U.S. Senate
Inyo,Ling Ling Shi,NPP,7,CA,U.S. Senate
Kern,Kevin De Leon,DEM,"4,526",CA,U.S. Senate
Kern,Adrienne Nicole Edwards,DEM,444,CA,U.S. Senate
Kern,Dianne Feinstein,DEM,"17,984",CA,U.S. Senate
Kern,Pat Harris,DEM,911,CA,U.S. Senate
Kern,Alison Hartson,DEM,"1,006",CA,U.S. Senate
Kern,David Hildebrand,DEM,278,CA,U.S. Senate
Kern,Herbert G. Peters,DEM,407,CA,U.S. Senate
Kern,Douglas Howard Pierce,DEM,725,CA,U.S. Senate
Kern,Gerald Plummer,DEM,377,CA,U.S. Senate
Kern,Donnie O. Turner,DEM,497,CA,U.S. Senate
Kern,Arun K. Bhumitra,REP,"8,063",CA,U.S. Senate
Kern,James P Bradley,REP,"11,829",CA,U.S. Senate
Kern,"John ""Jack"" Crew",REP,"1,806",CA,U.S. Senate
Kern,Erin Cruz,REP,"4,303",CA,U.S. Senate
Kern,"Roque ""Rocky"" De La Fuente",REP,"1,822",CA,U.S. Senate
Kern,Jerry Joseph Laws,REP,"1,543",CA,U.S. Senate
Kern,Patrick Little,REP,"1,433",CA,U.S. Senate
Kern,Kevin Mottus,REP,"1,408",CA,U.S. Senate
Kern,Mario Nabliba,REP,806,CA,U.S. Senate
Kern,Tom Palzer,REP,"7,479",CA,U.S. Senate
Kern,Paul A Taylor,REP,"4,751",CA,U.S. Senate
Kern,Derrick Michael Reid,LIB,716,CA,U.S. Senate
Kern,John Thompson Parker,P&F,278,CA,U.S. Senate
Kern,Colleen Shea Fernald,NPP,194,CA,U.S. Senate
Kern,Rash Bihari Ghosh,NPP,123,CA,U.S. Senate
Kern,Tim Gildersleeve,NPP,136,CA,U.S. Senate
Kern,Michael Fahmy Girgis,NPP,46,CA,U.S. Senate
Kern,Don J. Grundmann,NPP,279,CA,U.S. Senate
Kern,Jason M. Hanania,NPP,206,CA,U.S. Senate
Kern,David Moore,NPP,434,CA,U.S. Senate
Kern,Lee Olson,NPP,346,CA,U.S. Senate
Kern,Ling Ling Shi,NPP,100,CA,U.S. Senate
Kings,Kevin De Leon,DEM,722,CA,U.S. Senate
Kings,Adrienne Nicole Edwards,DEM,52,CA,U.S. Senate
Kings,Dianne Feinstein,DEM,"2,909",CA,U.S. Senate
Kings,Pat Harris,DEM,120,CA,U.S. Senate
Kings,Alison Hartson,DEM,148,CA,U.S. Senate
Kings,David Hildebrand,DEM,53,CA,U.S. Senate
Kings,Herbert G. Peters,DEM,79,CA,U.S. Senate
Kings,Douglas Howard Pierce,DEM,174,CA,U.S. Senate
Kings,Gerald Plummer,DEM,268,CA,U.S. Senate
Kings,Donnie O. Turner,DEM,45,CA,U.S. Senate
Kings,Arun K. Bhumitra,REP,"1,277",CA,U.S. Senate
Kings,James P Bradley,REP,"1,910",CA,U.S. Senate
Kings,"John ""Jack"" Crew",REP,382,CA,U.S. Senate
Kings,Erin Cruz,REP,801,CA,U.S. Senate
Kings,"Roque ""Rocky"" De La Fuente",REP,226,CA,U.S. Senate
Kings,Jerry Joseph Laws,REP,213,CA,U.S. Senate
Kings,Patrick Little,REP,204,CA,U.S. Senate
Kings,Kevin Mottus,REP,273,CA,U.S. Senate
Kings,Mario Nabliba,REP,457,CA,U.S. Senate
Kings,Tom Palzer,REP,903,CA,U.S. Senate
Kings,Paul A Taylor,REP,802,CA,U.S. Senate
Kings,Derrick Michael Reid,LIB,89,CA,U.S. Senate
Kings,John Thompson Parker,P&F,44,CA,U.S. Senate
Kings,Colleen Shea Fernald,NPP,21,CA,U.S. Senate
Kings,Rash Bihari Ghosh,NPP,11,CA,U.S. Senate
Kings,Tim Gildersleeve,NPP,27,CA,U.S. Senate
Kings,Michael Fahmy Girgis,NPP,2,CA,U.S. Senate
Kings,Don J. Grundmann,NPP,53,CA,U.S. Senate
Kings,Jason M. Hanania,NPP,24,CA,U.S. Senate
Kings,David Moore,NPP,62,CA,U.S. Senate
Kings,Lee Olson,NPP,25,CA,U.S. Senate
Kings,Ling Ling Shi,NPP,27,CA,U.S. Senate
Lake,Kevin De Leon,DEM,515,CA,U.S. Senate
Lake,Adrienne Nicole Edwards,DEM,60,CA,U.S. Senate
Lake,Dianne Feinstein,DEM,"2,687",CA,U.S. Senate
Lake,Pat Harris,DEM,100,CA,U.S. Senate
Lake,Alison Hartson,DEM,180,CA,U.S. Senate
Lake,David Hildebrand,DEM,33,CA,U.S. Senate
Lake,Herbert G. Peters,DEM,100,CA,U.S. Senate
Lake,Douglas Howard Pierce,DEM,130,CA,U.S. Senate
Lake,Gerald Plummer,DEM,111,CA,U.S. Senate
Lake,Donnie O. Turner,DEM,45,CA,U.S. Senate
Lake,Arun K. Bhumitra,REP,410,CA,U.S. Senate
Lake,James P Bradley,REP,770,CA,U.S. Senate
Lake,"John ""Jack"" Crew",REP,141,CA,U.S. Senate
Lake,Erin Cruz,REP,266,CA,U.S. Senate
Lake,"Roque ""Rocky"" De La Fuente",REP,91,CA,U.S. Senate
Lake,Jerry Joseph Laws,REP,137,CA,U.S. Senate
Lake,Patrick Little,REP,77,CA,U.S. Senate
Lake,Kevin Mottus,REP,101,CA,U.S. Senate
Lake,Mario Nabliba,REP,31,CA,U.S. Senate
Lake,Tom Palzer,REP,310,CA,U.S. Senate
Lake,Paul A Taylor,REP,273,CA,U.S. Senate
Lake,Derrick Michael Reid,LIB,79,CA,U.S. Senate
Lake,John Thompson Parker,P&F,52,CA,U.S. Senate
Lake,Colleen Shea Fernald,NPP,24,CA,U.S. Senate
Lake,Rash Bihari Ghosh,NPP,15,CA,U.S. Senate
Lake,Tim Gildersleeve,NPP,20,CA,U.S. Senate
Lake,Michael Fahmy Girgis,NPP,2,CA,U.S. Senate
Lake,Don J. Grundmann,NPP,27,CA,U.S. Senate
Lake,Jason M. Hanania,NPP,24,CA,U.S. Senate
Lake,David Moore,NPP,33,CA,U.S. Senate
Lake,Lee Olson,NPP,17,CA,U.S. Senate
Lake,Ling Ling Shi,NPP,12,CA,U.S. Senate
Lassen,Kevin De Leon,DEM,140,CA,U.S. Senate
Lassen,Adrienne Nicole Edwards,DEM,17,CA,U.S. Senate
Lassen,Dianne Feinstein,DEM,502,CA,U.S. Senate
Lassen,Pat Harris,DEM,23,CA,U.S. Senate
Lassen,Alison Hartson,DEM,44,CA,U.S. Senate
Lassen,David Hildebrand,DEM,4,CA,U.S. Senate
Lassen,Herbert G. Peters,DEM,23,CA,U.S. Senate
Lassen,Douglas Howard Pierce,DEM,32,CA,U.S. Senate
Lassen,Gerald Plummer,DEM,23,CA,U.S. Senate
Lassen,Donnie O. Turner,DEM,34,CA,U.S. Senate
Lassen,Arun K. Bhumitra,REP,182,CA,U.S. Senate
Lassen,James P Bradley,REP,488,CA,U.S. Senate
Lassen,"John ""Jack"" Crew",REP,172,CA,U.S. Senate
Lassen,Erin Cruz,REP,255,CA,U.S. Senate
Lassen,"Roque ""Rocky"" De La Fuente",REP,131,CA,U.S. Senate
Lassen,Jerry Joseph Laws,REP,77,CA,U.S. Senate
Lassen,Patrick Little,REP,59,CA,U.S. Senate
Lassen,Kevin Mottus,REP,54,CA,U.S. Senate
Lassen,Mario Nabliba,REP,36,CA,U.S. Senate
Lassen,Tom Palzer,REP,194,CA,U.S. Senate
Lassen,Paul A Taylor,REP,399,CA,U.S. Senate
Lassen,Derrick Michael Reid,LIB,31,CA,U.S. Senate
Lassen,John Thompson Parker,P&F,0,CA,U.S. Senate
Lassen,Colleen Shea Fernald,NPP,8,CA,U.S. Senate
Lassen,Rash Bihari Ghosh,NPP,4,CA,U.S. Senate
Lassen,Tim Gildersleeve,NPP,12,CA,U.S. Senate
Lassen,Michael Fahmy Girgis,NPP,0,CA,U.S. Senate
Lassen,Don J. Grundmann,NPP,27,CA,U.S. Senate
Lassen,Jason M. Hanania,NPP,12,CA,U.S. Senate
Lassen,David Moore,NPP,17,CA,U.S. Senate
Lassen,Lee Olson,NPP,13,CA,U.S. Senate
Lassen,Ling Ling Shi,NPP,0,CA,U.S. Senate
Los Angeles,Kevin De Leon,DEM,"137,108",CA,U.S. Senate
Los Angeles,Adrienne Nicole Edwards,DEM,"7,105",CA,U.S. Senate
Los Angeles,Dianne Feinstein,DEM,"428,698",CA,U.S. Senate
Los Angeles,Pat Harris,DEM,"21,428",CA,U.S. Senate
Los Angeles,Alison Hartson,DEM,"14,443",CA,U.S. Senate
Los Angeles,David Hildebrand,DEM,"3,929",CA,U.S. Senate
Los Angeles,Herbert G. Peters,DEM,"3,402",CA,U.S. Senate
Los Angeles,Douglas Howard Pierce,DEM,"6,085",CA,U.S. Senate
Los Angeles,Gerald Plummer,DEM,"2,426",CA,U.S. Senate
Los Angeles,Donnie O. Turner,DEM,"4,178",CA,U.S. Senate
Los Angeles,Arun K. Bhumitra,REP,"46,118",CA,U.S. Senate
Los Angeles,James P Bradley,REP,"50,483",CA,U.S. Senate
Los Angeles,"John ""Jack"" Crew",REP,"7,540",CA,U.S. Senate
Los Angeles,Erin Cruz,REP,"19,809",CA,U.S. Senate
Los Angeles,"Roque ""Rocky"" De La Fuente",REP,"17,046",CA,U.S. Senate
Los Angeles,Jerry Joseph Laws,REP,"5,179",CA,U.S. Senate
Los Angeles,Patrick Little,REP,"9,156",CA,U.S. Senate
Los Angeles,Kevin Mottus,REP,"6,638",CA,U.S. Senate
Los Angeles,Mario Nabliba,REP,"5,998",CA,U.S. Senate
Los Angeles,Tom Palzer,REP,"19,221",CA,U.S. Senate
Los Angeles,Paul A Taylor,REP,"35,402",CA,U.S. Senate
Los Angeles,Derrick Michael Reid,LIB,"5,761",CA,U.S. Senate
Los Angeles,John Thompson Parker,P&F,"2,705",CA,U.S. Senate
Los Angeles,Colleen Shea Fernald,NPP,"1,888",CA,U.S. Senate
Los Angeles,Rash Bihari Ghosh,NPP,"1,442",CA,U.S. Senate
Los Angeles,Tim Gildersleeve,NPP,647,CA,U.S. Senate
Los Angeles,Michael Fahmy Girgis,NPP,521,CA,U.S. Senate
Los Angeles,Don J. Grundmann,NPP,"1,223",CA,U.S. Senate
Los Angeles,Jason M. Hanania,NPP,"1,752",CA,U.S. Senate
Los Angeles,David Moore,NPP,"3,288",CA,U.S. Senate
Los Angeles,Lee Olson,NPP,"2,789",CA,U.S. Senate
Los Angeles,Ling Ling Shi,NPP,"4,214",CA,U.S. Senate
Madera,Kevin De Leon,DEM,957,CA,U.S. Senate
Madera,Adrienne Nicole Edwards,DEM,144,CA,U.S. Senate
Madera,Dianne Feinstein,DEM,"4,408",CA,U.S. Senate
Madera,Pat Harris,DEM,234,CA,U.S. Senate
Madera,Alison Hartson,DEM,300,CA,U.S. Senate
Madera,David Hildebrand,DEM,47,CA,U.S. Senate
Madera,Herbert G. Peters,DEM,356,CA,U.S. Senate
Madera,Douglas Howard Pierce,DEM,89,CA,U.S. Senate
Madera,Gerald Plummer,DEM,27,CA,U.S. Senate
Madera,Donnie O. Turner,DEM,103,CA,U.S. Senate
Madera,Arun K. Bhumitra,REP,"1,037",CA,U.S. Senate
Madera,James P Bradley,REP,"3,872",CA,U.S. Senate
Madera,"John ""Jack"" Crew",REP,410,CA,U.S. Senate
Madera,Erin Cruz,REP,"1,239",CA,U.S. Senate
Madera,"Roque ""Rocky"" De La Fuente",REP,392,CA,U.S. Senate
Madera,Jerry Joseph Laws,REP,380,CA,U.S. Senate
Madera,Patrick Little,REP,270,CA,U.S. Senate
Madera,Kevin Mottus,REP,433,CA,U.S. Senate
Madera,Mario Nabliba,REP,99,CA,U.S. Senate
Madera,Tom Palzer,REP,449,CA,U.S. Senate
Madera,Paul A Taylor,REP,"1,272",CA,U.S. Senate
Madera,Derrick Michael Reid,LIB,157,CA,U.S. Senate
Madera,John Thompson Parker,P&F,52,CA,U.S. Senate
Madera,Colleen Shea Fernald,NPP,36,CA,U.S. Senate
Madera,Rash Bihari Ghosh,NPP,40,CA,U.S. Senate
Madera,Tim Gildersleeve,NPP,44,CA,U.S. Senate
Madera,Michael Fahmy Girgis,NPP,7,CA,U.S. Senate
Madera,Don J. Grundmann,NPP,74,CA,U.S. Senate
Madera,Jason M. Hanania,NPP,39,CA,U.S. Senate
Madera,David Moore,NPP,85,CA,U.S. Senate
Madera,Lee Olson,NPP,63,CA,U.S. Senate
Madera,Ling Ling Shi,NPP,34,CA,U.S. Senate
Marin,Kevin De Leon,DEM,"4,318",CA,U.S. Senate
Marin,Adrienne Nicole Edwards,DEM,258,CA,U.S. Senate
Marin,Dianne Feinstein,DEM,"24,986",CA,U.S. Senate
Marin,Pat Harris,DEM,565,CA,U.S. Senate
Marin,Alison Hartson,DEM,704,CA,U.S. Senate
Marin,David Hildebrand,DEM,94,CA,U.S. Senate
Marin,Herbert G. Peters,DEM,87,CA,U.S. Senate
Marin,Douglas Howard Pierce,DEM,76,CA,U.S. Senate
Marin,Gerald Plummer,DEM,33,CA,U.S. Senate
Marin,Donnie O. Turner,DEM,126,CA,U.S. Senate
Marin,Arun K. Bhumitra,REP,763,CA,U.S. Senate
Marin,James P Bradley,REP,"1,651",CA,U.S. Senate
Marin,"John ""Jack"" Crew",REP,347,CA,U.S. Senate
Marin,Erin Cruz,REP,658,CA,U.S. Senate
Marin,"Roque ""Rocky"" De La Fuente",REP,413,CA,U.S. Senate
Marin,Jerry Joseph Laws,REP,124,CA,U.S. Senate
Marin,Patrick Little,REP,197,CA,U.S. Senate
Marin,Kevin Mottus,REP,215,CA,U.S. Senate
Marin,Mario Nabliba,REP,136,CA,U.S. Senate
Marin,Tom Palzer,REP,331,CA,U.S. Senate
Marin,Paul A Taylor,REP,991,CA,U.S. Senate
Marin,Derrick Michael Reid,LIB,282,CA,U.S. Senate
Marin,John Thompson Parker,P&F,92,CA,U.S. Senate
Marin,Colleen Shea Fernald,NPP,54,CA,U.S. Senate
Marin,Rash Bihari Ghosh,NPP,67,CA,U.S. Senate
Marin,Tim Gildersleeve,NPP,25,CA,U.S. Senate
Marin,Michael Fahmy Girgis,NPP,20,CA,U.S. Senate
Marin,Don J. Grundmann,NPP,35,CA,U.S. Senate
Marin,Jason M. Hanania,NPP,75,CA,U.S. Senate
Marin,David Moore,NPP,68,CA,U.S. Senate
Marin,Lee Olson,NPP,74,CA,U.S. Senate
Marin,Ling Ling Shi,NPP,40,CA,U.S. Senate
Mariposa,Kevin De Leon,DEM,296,CA,U.S. Senate
Mariposa,Adrienne Nicole Edwards,DEM,27,CA,U.S. Senate
Mariposa,Dianne Feinstein,DEM,"1,286",CA,U.S. Senate
Mariposa,Pat Harris,DEM,55,CA,U.S. Senate
Mariposa,Alison Hartson,DEM,118,CA,U.S. Senate
Mariposa,David Hildebrand,DEM,11,CA,U.S. Senate
Mariposa,Herbert G. Peters,DEM,58,CA,U.S. Senate
Mariposa,Douglas Howard Pierce,DEM,20,CA,U.S. Senate
Mariposa,Gerald Plummer,DEM,2,CA,U.S. Senate
Mariposa,Donnie O. Turner,DEM,26,CA,U.S. Senate
Mariposa,Arun K. Bhumitra,REP,385,CA,U.S. Senate
Mariposa,James P Bradley,REP,811,CA,U.S. Senate
Mariposa,"John ""Jack"" Crew",REP,139,CA,U.S. Senate
Mariposa,Erin Cruz,REP,322,CA,U.S. Senate
Mariposa,"Roque ""Rocky"" De La Fuente",REP,100,CA,U.S. Senate
Mariposa,Jerry Joseph Laws,REP,135,CA,U.S. Senate
Mariposa,Patrick Little,REP,93,CA,U.S. Senate
Mariposa,Kevin Mottus,REP,106,CA,U.S. Senate
Mariposa,Mario Nabliba,REP,20,CA,U.S. Senate
Mariposa,Tom Palzer,REP,99,CA,U.S. Senate
Mariposa,Paul A Taylor,REP,309,CA,U.S. Senate
Mariposa,Derrick Michael Reid,LIB,58,CA,U.S. Senate
Mariposa,John Thompson Parker,P&F,20,CA,U.S. Senate
Mariposa,Colleen Shea Fernald,NPP,22,CA,U.S. Senate
Mariposa,Rash Bihari Ghosh,NPP,3,CA,U.S. Senate
Mariposa,Tim Gildersleeve,NPP,16,CA,U.S. Senate
Mariposa,Michael Fahmy Girgis,NPP,0,CA,U.S. Senate
Mariposa,Don J. Grundmann,NPP,24,CA,U.S. Senate
Mariposa,Jason M. Hanania,NPP,8,CA,U.S. Senate
Mariposa,David Moore,NPP,14,CA,U.S. Senate
Mariposa,Lee Olson,NPP,23,CA,U.S. Senate
Mariposa,Ling Ling Shi,NPP,7,CA,U.S. Senate
Mendocino,Kevin De Leon,DEM,"1,030",CA,U.S. Senate
Mendocino,Adrienne Nicole Edwards,DEM,108,CA,U.S. Senate
Mendocino,Dianne Feinstein,DEM,"4,107",CA,U.S. Senate
Mendocino,Pat Harris,DEM,283,CA,U.S. Senate
Mendocino,Alison Hartson,DEM,298,CA,U.S. Senate
Mendocino,David Hildebrand,DEM,48,CA,U.S. Senate
Mendocino,Herbert G. Peters,DEM,49,CA,U.S. Senate
Mendocino,Douglas Howard Pierce,DEM,102,CA,U.S. Senate
Mendocino,Gerald Plummer,DEM,26,CA,U.S. Senate
Mendocino,Donnie O. Turner,DEM,80,CA,U.S. Senate
Mendocino,Arun K. Bhumitra,REP,151,CA,U.S. Senate
Mendocino,James P Bradley,REP,640,CA,U.S. Senate
Mendocino,"John ""Jack"" Crew",REP,154,CA,U.S. Senate
Mendocino,Erin Cruz,REP,316,CA,U.S. Senate
Mendocino,"Roque ""Rocky"" De La Fuente",REP,97,CA,U.S. Senate
Mendocino,Jerry Joseph Laws,REP,99,CA,U.S. Senate
Mendocino,Patrick Little,REP,97,CA,U.S. Senate
Mendocino,Kevin Mottus,REP,81,CA,U.S. Senate
Mendocino,Mario Nabliba,REP,53,CA,U.S. Senate
Mendocino,Tom Palzer,REP,371,CA,U.S. Senate
Mendocino,Paul A Taylor,REP,390,CA,U.S. Senate
Mendocino,Derrick Michael Reid,LIB,95,CA,U.S. Senate
Mendocino,John Thompson Parker,P&F,68,CA,U.S. Senate
Mendocino,Colleen Shea Fernald,NPP,22,CA,U.S. Senate
Mendocino,Rash Bihari Ghosh,NPP,36,CA,U.S. Senate
Mendocino,Tim Gildersleeve,NPP,16,CA,U.S. Senate
Mendocino,Michael Fahmy Girgis,NPP,2,CA,U.S. Senate
Mendocino,Don J. Grundmann,NPP,20,CA,U.S. Senate
Mendocino,Jason M. Hanania,NPP,12,CA,U.S. Senate
Mendocino,David Moore,NPP,29,CA,U.S. Senate
Mendocino,Lee Olson,NPP,35,CA,U.S. Senate
Mendocino,Ling Ling Shi,NPP,8,CA,U.S. Senate
Merced,Kevin De Leon,DEM,"1,391",CA,U.S. Senate
Merced,Adrienne Nicole Edwards,DEM,165,CA,U.S. Senate
Merced,Dianne Feinstein,DEM,"5,239",CA,U.S. Senate
Merced,Pat Harris,DEM,517,CA,U.S. Senate
Merced,Alison Hartson,DEM,372,CA,U.S. Senate
Merced,David Hildebrand,DEM,109,CA,U.S. Senate
Merced,Herbert G. Peters,DEM,50,CA,U.S. Senate
Merced,Douglas Howard Pierce,DEM,97,CA,U.S. Senate
Merced,Gerald Plummer,DEM,47,CA,U.S. Senate
Merced,Donnie O. Turner,DEM,282,CA,U.S. Senate
Merced,Arun K. Bhumitra,REP,943,CA,U.S. Senate
Merced,James P Bradley,REP,"1,315",CA,U.S. Senate
Merced,"John ""Jack"" Crew",REP,383,CA,U.S. Senate
Merced,Erin Cruz,REP,889,CA,U.S. Senate
Merced,"Roque ""Rocky"" De La Fuente",REP,400,CA,U.S. Senate
Merced,Jerry Joseph Laws,REP,168,CA,U.S. Senate
Merced,Patrick Little,REP,215,CA,U.S. Senate
Merced,Kevin Mottus,REP,433,CA,U.S. Senate
Merced,Mario Nabliba,REP,114,CA,U.S. Senate
Merced,Tom Palzer,REP,538,CA,U.S. Senate
Merced,Paul A Taylor,REP,"2,455",CA,U.S. Senate
Merced,Derrick Michael Reid,LIB,165,CA,U.S. Senate
Merced,John Thompson Parker,P&F,69,CA,U.S. Senate
Merced,Colleen Shea Fernald,NPP,54,CA,U.S. Senate
Merced,Rash Bihari Ghosh,NPP,20,CA,U.S. Senate
Merced,Tim Gildersleeve,NPP,43,CA,U.S. Senate
Merced,Michael Fahmy Girgis,NPP,6,CA,U.S. Senate
Merced,Don J. Grundmann,NPP,53,CA,U.S. Senate
Merced,Jason M. Hanania,NPP,46,CA,U.S. Senate
Merced,David Moore,NPP,97,CA,U.S. Senate
Merced,Lee Olson,NPP,71,CA,U.S. Senate
Merced,Ling Ling Shi,NPP,62,CA,U.S. Senate
Modoc,Kevin De Leon,DEM,94,CA,U.S. Senate
Modoc,Adrienne Nicole Edwards,DEM,8,CA,U.S. Senate
Modoc,Dianne Feinstein,DEM,319,CA,U.S. Senate
Modoc,Pat Harris,DEM,30,CA,U.S. Senate
Modoc,Alison Hartson,DEM,57,CA,U.S. Senate
Modoc,David Hildebrand,DEM,11,CA,U.S. Senate
Modoc,Herbert G. Peters,DEM,8,CA,U.S. Senate
Modoc,Douglas Howard Pierce,DEM,17,CA,U.S. Senate
Modoc,Gerald Plummer,DEM,18,CA,U.S. Senate
Modoc,Donnie O. Turner,DEM,15,CA,U.S. Senate
Modoc,Arun K. Bhumitra,REP,34,CA,U.S. Senate
Modoc,James P Bradley,REP,304,CA,U.S. Senate
Modoc,"John ""Jack"" Crew",REP,107,CA,U.S. Senate
Modoc,Erin Cruz,REP,260,CA,U.S. Senate
Modoc,"Roque ""Rocky"" De La Fuente",REP,71,CA,U.S. Senate
Modoc,Jerry Joseph Laws,REP,70,CA,U.S. Senate
Modoc,Patrick Little,REP,39,CA,U.S. Senate
Modoc,Kevin Mottus,REP,53,CA,U.S. Senate
Modoc,Mario Nabliba,REP,21,CA,U.S. Senate
Modoc,Tom Palzer,REP,140,CA,U.S. Senate
Modoc,Paul A Taylor,REP,286,CA,U.S. Senate
Modoc,Derrick Michael Reid,LIB,25,CA,U.S. Senate
Modoc,John Thompson Parker,P&F,3,CA,U.S. Senate
Modoc,Colleen Shea Fernald,NPP,4,CA,U.S. Senate
Modoc,Rash Bihari Ghosh,NPP,4,CA,U.S. Senate
Modoc,Tim Gildersleeve,NPP,8,CA,U.S. Senate
Modoc,Michael Fahmy Girgis,NPP,0,CA,U.S. Senate
Modoc,Don J. Grundmann,NPP,9,CA,U.S. Senate
Modoc,Jason M. Hanania,NPP,6,CA,U.S. Senate
Modoc,David Moore,NPP,9,CA,U.S. Senate
Modoc,Lee Olson,NPP,6,CA,U.S. Senate
Modoc,Ling Ling Shi,NPP,2,CA,U.S. Senate
Mono,Kevin De Leon,DEM,241,CA,U.S. Senate
Mono,Adrienne Nicole Edwards,DEM,25,CA,U.S. Senate
Mono,Dianne Feinstein,DEM,"1,143",CA,U.S. Senate
Mono,Pat Harris,DEM,48,CA,U.S. Senate
Mono,Alison Hartson,DEM,74,CA,U.S. Senate
Mono,David Hildebrand,DEM,13,CA,U.S. Senate
Mono,Herbert G. Peters,DEM,42,CA,U.S. Senate
Mono,Douglas Howard Pierce,DEM,8,CA,U.S. Senate
Mono,Gerald Plummer,DEM,3,CA,U.S. Senate
Mono,Donnie O. Turner,DEM,17,CA,U.S. Senate
Mono,Arun K. Bhumitra,REP,37,CA,U.S. Senate
Mono,James P Bradley,REP,377,CA,U.S. Senate
Mono,"John ""Jack"" Crew",REP,49,CA,U.S. Senate
Mono,Erin Cruz,REP,147,CA,U.S. Senate
Mono,"Roque ""Rocky"" De La Fuente",REP,41,CA,U.S. Senate
Mono,Jerry Joseph Laws,REP,48,CA,U.S. Senate
Mono,Patrick Little,REP,30,CA,U.S. Senate
Mono,Kevin Mottus,REP,53,CA,U.S. Senate
Mono,Mario Nabliba,REP,12,CA,U.S. Senate
Mono,Tom Palzer,REP,43,CA,U.S. Senate
Mono,Paul A Taylor,REP,213,CA,U.S. Senate
Mono,Derrick Michael Reid,LIB,32,CA,U.S. Senate
Mono,John Thompson Parker,P&F,5,CA,U.S. Senate
Mono,Colleen Shea Fernald,NPP,3,CA,U.S. Senate
Mono,Rash Bihari Ghosh,NPP,10,CA,U.S. Senate
Mono,Tim Gildersleeve,NPP,8,CA,U.S. Senate
Mono,Michael Fahmy Girgis,NPP,0,CA,U.S. Senate
Mono,Don J. Grundmann,NPP,7,CA,U.S. Senate
Mono,Jason M. Hanania,NPP,11,CA,U.S. Senate
Mono,David Moore,NPP,12,CA,U.S. Senate
Mono,Lee Olson,NPP,9,CA,U.S. Senate
Mono,Ling Ling Shi,NPP,3,CA,U.S. Senate
Monterey,Kevin De Leon,DEM,"3,879",CA,U.S. Senate
Monterey,Adrienne Nicole Edwards,DEM,243,CA,U.S. Senate
Monterey,Dianne Feinstein,DEM,"14,726",CA,U.S. Senate
Monterey,Pat Harris,DEM,488,CA,U.S. Senate
Monterey,Alison Hartson,DEM,605,CA,U.S. Senate
Monterey,David Hildebrand,DEM,135,CA,U.S. Senate
Monterey,Herbert G. Peters,DEM,129,CA,U.S. Senate
Monterey,Douglas Howard Pierce,DEM,215,CA,U.S. Senate
Monterey,Gerald Plummer,DEM,274,CA,U.S. Senate
Monterey,Donnie O. Turner,DEM,100,CA,U.S. Senate
Monterey,Arun K. Bhumitra,REP,"1,745",CA,U.S. Senate
Monterey,James P Bradley,REP,"1,763",CA,U.S. Senate
Monterey,"John ""Jack"" Crew",REP,370,CA,U.S. Senate
Monterey,Erin Cruz,REP,"1,015",CA,U.S. Senate
Monterey,"Roque ""Rocky"" De La Fuente",REP,355,CA,U.S. Senate
Monterey,Jerry Joseph Laws,REP,213,CA,U.S. Senate
Monterey,Patrick Little,REP,249,CA,U.S. Senate
Monterey,Kevin Mottus,REP,993,CA,U.S. Senate
Monterey,Mario Nabliba,REP,270,CA,U.S. Senate
Monterey,Tom Palzer,REP,677,CA,U.S. Senate
Monterey,Paul A Taylor,REP,"1,250",CA,U.S. Senate
Monterey,Derrick Michael Reid,LIB,231,CA,U.S. Senate
Monterey,John Thompson Parker,P&F,142,CA,U.S. Senate
Monterey,Colleen Shea Fernald,NPP,46,CA,U.S. Senate
Monterey,Rash Bihari Ghosh,NPP,49,CA,U.S. Senate
Monterey,Tim Gildersleeve,NPP,36,CA,U.S. Senate
Monterey,Michael Fahmy Girgis,NPP,9,CA,U.S. Senate
Monterey,Don J. Grundmann,NPP,63,CA,U.S. Senate
Monterey,Jason M. Hanania,NPP,72,CA,U.S. Senate
Monterey,David Moore,NPP,228,CA,U.S. Senate
Monterey,Lee Olson,NPP,74,CA,U.S. Senate
Monterey,Ling Ling Shi,NPP,56,CA,U.S. Senate
Napa,Kevin De Leon,DEM,"1,095",CA,U.S. Senate
Napa,Adrienne Nicole Edwards,DEM,89,CA,U.S. Senate
Napa,Dianne Feinstein,DEM,"7,455",CA,U.S. Senate
Napa,Pat Harris,DEM,177,CA,U.S. Senate
Napa,Alison Hartson,DEM,376,CA,U.S. Senate
Napa,David Hildebrand,DEM,69,CA,U.S. Senate
Napa,Herbert G. Peters,DEM,121,CA,U.S. Senate
Napa,Douglas Howard Pierce,DEM,242,CA,U.S. Senate
Napa,Gerald Plummer,DEM,20,CA,U.S. Senate
Napa,Donnie O. Turner,DEM,37,CA,U.S. Senate
Napa,Arun K. Bhumitra,REP,486,CA,U.S. Senate
Napa,James P Bradley,REP,"1,585",CA,U.S. Senate
Napa,"John ""Jack"" Crew",REP,159,CA,U.S. Senate
Napa,Erin Cruz,REP,629,CA,U.S. Senate
Napa,"Roque ""Rocky"" De La Fuente",REP,125,CA,U.S. Senate
Napa,Jerry Joseph Laws,REP,157,CA,U.S. Senate
Napa,Patrick Little,REP,142,CA,U.S. Senate
Napa,Kevin Mottus,REP,185,CA,U.S. Senate
Napa,Mario Nabliba,REP,34,CA,U.S. Senate
Napa,Tom Palzer,REP,200,CA,U.S. Senate
Napa,Paul A Taylor,REP,414,CA,U.S. Senate
Napa,Derrick Michael Reid,LIB,160,CA,U.S. Senate
Napa,John Thompson Parker,P&F,45,CA,U.S. Senate
Napa,Colleen Shea Fernald,NPP,25,CA,U.S. Senate
Napa,Rash Bihari Ghosh,NPP,13,CA,U.S. Senate
Napa,Tim Gildersleeve,NPP,22,CA,U.S. Senate
Napa,Michael Fahmy Girgis,NPP,0,CA,U.S. Senate
Napa,Don J. Grundmann,NPP,32,CA,U.S. Senate
Napa,Jason M. Hanania,NPP,37,CA,U.S. Senate
Napa,David Moore,NPP,35,CA,U.S. Senate
Napa,Lee Olson,NPP,22,CA,U.S. Senate
Napa,Ling Ling Shi,NPP,25,CA,U.S. Senate
Nevada,Kevin De Leon,DEM,"1,271",CA,U.S. Senate
Nevada,Adrienne Nicole Edwards,DEM,147,CA,U.S. Senate
Nevada,Dianne Feinstein,DEM,"6,067",CA,U.S. Senate
Nevada,Pat Harris,DEM,217,CA,U.S. Senate
Nevada,Alison Hartson,DEM,474,CA,U.S. Senate
Nevada,David Hildebrand,DEM,66,CA,U.S. Senate
Nevada,Herbert G. Peters,DEM,61,CA,U.S. Senate
Nevada,Douglas Howard Pierce,DEM,123,CA,U.S. Senate
Nevada,Gerald Plummer,DEM,123,CA,U.S. Senate
Nevada,Donnie O. Turner,DEM,55,CA,U.S. Senate
Nevada,Arun K. Bhumitra,REP,793,CA,U.S. Senate
Nevada,James P Bradley,REP,"1,610",CA,U.S. Senate
Nevada,"John ""Jack"" Crew",REP,372,CA,U.S. Senate
Nevada,Erin Cruz,REP,934,CA,U.S. Senate
Nevada,"Roque ""Rocky"" De La Fuente",REP,216,CA,U.S. Senate
Nevada,Jerry Joseph Laws,REP,221,CA,U.S. Senate
Nevada,Patrick Little,REP,173,CA,U.S. Senate
Nevada,Kevin Mottus,REP,204,CA,U.S. Senate
Nevada,Mario Nabliba,REP,76,CA,U.S. Senate
Nevada,Tom Palzer,REP,"1,008",CA,U.S. Senate
Nevada,Paul A Taylor,REP,735,CA,U.S. Senate
Nevada,Derrick Michael Reid,LIB,174,CA,U.S. Senate
Nevada,John Thompson Parker,P&F,56,CA,U.S. Senate
Nevada,Colleen Shea Fernald,NPP,40,CA,U.S. Senate
Nevada,Rash Bihari Ghosh,NPP,19,CA,U.S. Senate
Nevada,Tim Gildersleeve,NPP,24,CA,U.S. Senate
Nevada,Michael Fahmy Girgis,NPP,0,CA,U.S. Senate
Nevada,Don J. Grundmann,NPP,38,CA,U.S. Senate
Nevada,Jason M. Hanania,NPP,33,CA,U.S. Senate
Nevada,David Moore,NPP,24,CA,U.S. Senate
Nevada,Lee Olson,NPP,40,CA,U.S. Senate
Nevada,Ling Ling Shi,NPP,14,CA,U.S. Senate
Orange,Kevin De Leon,DEM,"23,929",CA,U.S. Senate
Orange,Adrienne Nicole Edwards,DEM,"2,952",CA,U.S. Senate
Orange,Dianne Feinstein,DEM,"128,423",CA,U.S. Senate
Orange,Pat Harris,DEM,"6,083",CA,U.S. Senate
Orange,Alison Hartson,DEM,"5,991",CA,U.S. Senate
Orange,David Hildebrand,DEM,"1,157",CA,U.S. Senate
Orange,Herbert G. Peters,DEM,"2,330",CA,U.S. Senate
Orange,Douglas Howard Pierce,DEM,"2,527",CA,U.S. Senate
Orange,Gerald Plummer,DEM,"1,221",CA,U.S. Senate
Orange,Donnie O. Turner,DEM,"1,235",CA,U.S. Senate
Orange,Arun K. Bhumitra,REP,"24,194",CA,U.S. Senate
Orange,James P Bradley,REP,"39,314",CA,U.S. Senate
Orange,"John ""Jack"" Crew",REP,"6,268",CA,U.S. Senate
Orange,Erin Cruz,REP,"16,814",CA,U.S. Senate
Orange,"Roque ""Rocky"" De La Fuente",REP,"7,191",CA,U.S. Senate
Orange,Jerry Joseph Laws,REP,"7,965",CA,U.S. Senate
Orange,Patrick Little,REP,"12,204",CA,U.S. Senate
Orange,Kevin Mottus,REP,"4,552",CA,U.S. Senate
Orange,Mario Nabliba,REP,"1,840",CA,U.S. Senate
Orange,Tom Palzer,REP,"20,438",CA,U.S. Senate
Orange,Paul A Taylor,REP,"22,626",CA,U.S. Senate
Orange,Derrick Michael Reid,LIB,"3,334",CA,U.S. Senate
Orange,John Thompson Parker,P&F,771,CA,U.S. Senate
Orange,Colleen Shea Fernald,NPP,558,CA,U.S. Senate
Orange,Rash Bihari Ghosh,NPP,641,CA,U.S. Senate
Orange,Tim Gildersleeve,NPP,473,CA,U.S. Senate
Orange,Michael Fahmy Girgis,NPP,314,CA,U.S. Senate
Orange,Don J. Grundmann,NPP,821,CA,U.S. Senate
Orange,Jason M. Hanania,NPP,863,CA,U.S. Senate
Orange,David Moore,NPP,852,CA,U.S. Senate
Orange,Lee Olson,NPP,828,CA,U.S. Senate
Orange,Ling Ling Shi,NPP,"2,270",CA,U.S. Senate
Placer,Kevin De Leon,DEM,"4,220",CA,U.S. Senate
Placer,Adrienne Nicole Edwards,DEM,344,CA,U.S. Senate
Placer,Dianne Feinstein,DEM,"20,029",CA,U.S. Senate
Placer,Pat Harris,DEM,612,CA,U.S. Senate
Placer,Alison Hartson,DEM,"1,000",CA,U.S. Senate
Placer,David Hildebrand,DEM,144,CA,U.S. Senate
Placer,Herbert G. Peters,DEM,187,CA,U.S. Senate
Placer,Douglas Howard Pierce,DEM,215,CA,U.S. Senate
Placer,Gerald Plummer,DEM,102,CA,U.S. Senate
Placer,Donnie O. Turner,DEM,245,CA,U.S. Senate
Placer,Arun K. Bhumitra,REP,"6,463",CA,U.S. Senate
Placer,James P Bradley,REP,"8,752",CA,U.S. Senate
Placer,"John ""Jack"" Crew",REP,913,CA,U.S. Senate
Placer,Erin Cruz,REP,"3,514",CA,U.S. Senate
Placer,"Roque ""Rocky"" De La Fuente",REP,"1,173",CA,U.S. Senate
Placer,Jerry Joseph Laws,REP,646,CA,U.S. Senate
Placer,Patrick Little,REP,761,CA,U.S. Senate
Placer,Kevin Mottus,REP,837,CA,U.S. Senate
Placer,Mario Nabliba,REP,361,CA,U.S. Senate
Placer,Tom Palzer,REP,"1,724",CA,U.S. Senate
Placer,Paul A Taylor,REP,"2,895",CA,U.S. Senate
Placer,Derrick Michael Reid,LIB,675,CA,U.S. Senate
Placer,John Thompson Parker,P&F,50,CA,U.S. Senate
Placer,Colleen Shea Fernald,NPP,139,CA,U.S. Senate
Placer,Rash Bihari Ghosh,NPP,67,CA,U.S. Senate
Placer,Tim Gildersleeve,NPP,68,CA,U.S. Senate
Placer,Michael Fahmy Girgis,NPP,12,CA,U.S. Senate
Placer,Don J. Grundmann,NPP,150,CA,U.S. Senate
Placer,Jason M. Hanania,NPP,175,CA,U.S. Senate
Placer,David Moore,NPP,180,CA,U.S. Senate
Placer,Lee Olson,NPP,132,CA,U.S. Senate
Placer,Ling Ling Shi,NPP,50,CA,U.S. Senate
Plumas,Kevin De Leon,DEM,393,CA,U.S. Senate
Plumas,Adrienne Nicole Edwards,DEM,31,CA,U.S. Senate
Plumas,Dianne Feinstein,DEM,"1,554",CA,U.S. Senate
Plumas,Pat Harris,DEM,71,CA,U.S. Senate
Plumas,Alison Hartson,DEM,166,CA,U.S. Senate
Plumas,David Hildebrand,DEM,13,CA,U.S. Senate
Plumas,Herbert G. Peters,DEM,23,CA,U.S. Senate
Plumas,Douglas Howard Pierce,DEM,38,CA,U.S. Senate
Plumas,Gerald Plummer,DEM,25,CA,U.S. Senate
Plumas,Donnie O. Turner,DEM,31,CA,U.S. Senate
Plumas,Arun K. Bhumitra,REP,64,CA,U.S. Senate
Plumas,James P Bradley,REP,618,CA,U.S. Senate
Plumas,"John ""Jack"" Crew",REP,134,CA,U.S. Senate
Plumas,Erin Cruz,REP,507,CA,U.S. Senate
Plumas,"Roque ""Rocky"" De La Fuente",REP,141,CA,U.S. Senate
Plumas,Jerry Joseph Laws,REP,93,CA,U.S. Senate
Plumas,Patrick Little,REP,57,CA,U.S. Senate
Plumas,Kevin Mottus,REP,146,CA,U.S. Senate
Plumas,Mario Nabliba,REP,44,CA,U.S. Senate
Plumas,Tom Palzer,REP,282,CA,U.S. Senate
Plumas,Paul A Taylor,REP,489,CA,U.S. Senate
Plumas,Derrick Michael Reid,LIB,73,CA,U.S. Senate
Plumas,John Thompson Parker,P&F,15,CA,U.S. Senate
Plumas,Colleen Shea Fernald,NPP,17,CA,U.S. Senate
Plumas,Rash Bihari Ghosh,NPP,6,CA,U.S. Senate
Plumas,Tim Gildersleeve,NPP,14,CA,U.S. Senate
Plumas,Michael Fahmy Girgis,NPP,2,CA,U.S. Senate
Plumas,Don J. Grundmann,NPP,20,CA,U.S. Senate
Plumas,Jason M. Hanania,NPP,13,CA,U.S. Senate
Plumas,David Moore,NPP,23,CA,U.S. Senate
Plumas,Lee Olson,NPP,10,CA,U.S. Senate
Plumas,Ling Ling Shi,NPP,0,CA,U.S. Senate
Riverside,Kevin De Leon,DEM,"15,629",CA,U.S. Senate
Riverside,Adrienne Nicole Edwards,DEM,"1,042",CA,U.S. Senate
Riverside,Dianne Feinstein,DEM,"60,791",CA,U.S. Senate
Riverside,Pat Harris,DEM,"2,302",CA,U.S. Senate
Riverside,Alison Hartson,DEM,"3,477",CA,U.S. Senate
Riverside,David Hildebrand,DEM,617,CA,U.S. Senate
Riverside,Herbert G. Peters,DEM,762,CA,U.S. Senate
Riverside,Douglas Howard Pierce,DEM,"1,522",CA,U.S. Senate
Riverside,Gerald Plummer,DEM,504,CA,U.S. Senate
Riverside,Donnie O. Turner,DEM,665,CA,U.S. Senate
Riverside,Arun K. Bhumitra,REP,"14,213",CA,U.S. Senate
Riverside,James P Bradley,REP,"20,678",CA,U.S. Senate
Riverside,"John ""Jack"" Crew",REP,"4,459",CA,U.S. Senate
Riverside,Erin Cruz,REP,"11,431",CA,U.S. Senate
Riverside,"Roque ""Rocky"" De La Fuente",REP,"4,670",CA,U.S. Senate
Riverside,Jerry Joseph Laws,REP,"2,224",CA,U.S. Senate
Riverside,Patrick Little,REP,"2,420",CA,U.S. Senate
Riverside,Kevin Mottus,REP,"5,140",CA,U.S. Senate
Riverside,Mario Nabliba,REP,"1,093",CA,U.S. Senate
Riverside,Tom Palzer,REP,"7,021",CA,U.S. Senate
Riverside,Paul A Taylor,REP,"12,707",CA,U.S. Senate
Riverside,Derrick Michael Reid,LIB,"1,545",CA,U.S. Senate
Riverside,John Thompson Parker,P&F,460,CA,U.S. Senate
Riverside,Colleen Shea Fernald,NPP,287,CA,U.S. Senate
Riverside,Rash Bihari Ghosh,NPP,214,CA,U.S. Senate
Riverside,Tim Gildersleeve,NPP,345,CA,U.S. Senate
Riverside,Michael Fahmy Girgis,NPP,88,CA,U.S. Senate
Riverside,Don J. Grundmann,NPP,553,CA,U.S. Senate
Riverside,Jason M. Hanania,NPP,425,CA,U.S. Senate
Riverside,David Moore,NPP,646,CA,U.S. Senate
Riverside,Lee Olson,NPP,376,CA,U.S. Senate
Riverside,Ling Ling Shi,NPP,351,CA,U.S. Senate
Sacramento,Kevin De Leon,DEM,"12,300",CA,U.S. Senate
Sacramento,Adrienne Nicole Edwards,DEM,"1,118",CA,U.S. Senate
Sacramento,Dianne Feinstein,DEM,"53,453",CA,U.S. Senate
Sacramento,Pat Harris,DEM,"1,766",CA,U.S. Senate
Sacramento,Alison Hartson,DEM,"2,993",CA,U.S. Senate
Sacramento,David Hildebrand,DEM,685,CA,U.S. Senate
Sacramento,Herbert G. Peters,DEM,250,CA,U.S. Senate
Sacramento,Douglas Howard Pierce,DEM,521,CA,U.S. Senate
Sacramento,Gerald Plummer,DEM,211,CA,U.S. Senate
Sacramento,Donnie O. Turner,DEM,531,CA,U.S. Senate
Sacramento,Arun K. Bhumitra,REP,"4,577",CA,U.S. Senate
Sacramento,James P Bradley,REP,"8,613",CA,U.S. Senate
Sacramento,"John ""Jack"" Crew",REP,"2,305",CA,U.S. Senate
Sacramento,Erin Cruz,REP,"6,798",CA,U.S. Senate
Sacramento,"Roque ""Rocky"" De La Fuente",REP,"1,463",CA,U.S. Senate
Sacramento,Jerry Joseph Laws,REP,"3,159",CA,U.S. Senate
Sacramento,Patrick Little,REP,"4,251",CA,U.S. Senate
Sacramento,Kevin Mottus,REP,"2,122",CA,U.S. Senate
Sacramento,Mario Nabliba,REP,401,CA,U.S. Senate
Sacramento,Tom Palzer,REP,"1,848",CA,U.S. Senate
Sacramento,Paul A Taylor,REP,"4,886",CA,U.S. Senate
Sacramento,Derrick Michael Reid,LIB,"1,287",CA,U.S. Senate
Sacramento,John Thompson Parker,P&F,516,CA,U.S. Senate
Sacramento,Colleen Shea Fernald,NPP,274,CA,U.S. Senate
Sacramento,Rash Bihari Ghosh,NPP,298,CA,U.S. Senate
Sacramento,Tim Gildersleeve,NPP,305,CA,U.S. Senate
Sacramento,Michael Fahmy Girgis,NPP,78,CA,U.S. Senate
Sacramento,Don J. Grundmann,NPP,470,CA,U.S. Senate
Sacramento,Jason M. Hanania,NPP,348,CA,U.S. Senate
Sacramento,David Moore,NPP,319,CA,U.S. Senate
Sacramento,Lee Olson,NPP,288,CA,U.S. Senate
Sacramento,Ling Ling Shi,NPP,452,CA,U.S. Senate
San Benito,Kevin De Leon,DEM,591,CA,U.S. Senate
San Benito,Adrienne Nicole Edwards,DEM,57,CA,U.S. Senate
San Benito,Dianne Feinstein,DEM,"2,504",CA,U.S. Senate
San Benito,Pat Harris,DEM,132,CA,U.S. Senate
San Benito,Alison Hartson,DEM,114,CA,U.S. Senate
San Benito,David Hildebrand,DEM,17,CA,U.S. Senate
San Benito,Herbert G. Peters,DEM,35,CA,U.S. Senate
San Benito,Douglas Howard Pierce,DEM,87,CA,U.S. Senate
San Benito,Gerald Plummer,DEM,77,CA,U.S. Senate
San Benito,Donnie O. Turner,DEM,36,CA,U.S. Senate
San Benito,Arun K. Bhumitra,REP,282,CA,U.S. Senate
San Benito,James P Bradley,REP,588,CA,U.S. Senate
San Benito,"John ""Jack"" Crew",REP,115,CA,U.S. Senate
San Benito,Erin Cruz,REP,336,CA,U.S. Senate
San Benito,"Roque ""Rocky"" De La Fuente",REP,123,CA,U.S. Senate
San Benito,Jerry Joseph Laws,REP,72,CA,U.S. Senate
San Benito,Patrick Little,REP,102,CA,U.S. Senate
San Benito,Kevin Mottus,REP,202,CA,U.S. Senate
San Benito,Mario Nabliba,REP,75,CA,U.S. Senate
San Benito,Tom Palzer,REP,193,CA,U.S. Senate
San Benito,Paul A Taylor,REP,355,CA,U.S. Senate
San Benito,Derrick Michael Reid,LIB,60,CA,U.S. Senate
San Benito,John Thompson Parker,P&F,21,CA,U.S. Senate
San Benito,Colleen Shea Fernald,NPP,15,CA,U.S. Senate
San Benito,Rash Bihari Ghosh,NPP,15,CA,U.S. Senate
San Benito,Tim Gildersleeve,NPP,6,CA,U.S. Senate
San Benito,Michael Fahmy Girgis,NPP,0,CA,U.S. Senate
San Benito,Don J. Grundmann,NPP,10,CA,U.S. Senate
San Benito,Jason M. Hanania,NPP,21,CA,U.S. Senate
San Benito,David Moore,NPP,58,CA,U.S. Senate
San Benito,Lee Olson,NPP,17,CA,U.S. Senate
San Benito,Ling Ling Shi,NPP,15,CA,U.S. Senate
San Bernardino,Kevin De Leon,DEM,"12,781",CA,U.S. Senate
San Bernardino,Adrienne Nicole Edwards,DEM,"1,771",CA,U.S. Senate
San Bernardino,Dianne Feinstein,DEM,"53,739",CA,U.S. Senate
San Bernardino,Pat Harris,DEM,"3,912",CA,U.S. Senate
San Bernardino,Alison Hartson,DEM,"2,847",CA,U.S. Senate
San Bernardino,David Hildebrand,DEM,582,CA,U.S. Senate
San Bernardino,Herbert G. Peters,DEM,510,CA,U.S. Senate
San Bernardino,Douglas Howard Pierce,DEM,"1,014",CA,U.S. Senate
San Bernardino,Gerald Plummer,DEM,729,CA,U.S. Senate
San Bernardino,Donnie O. Turner,DEM,988,CA,U.S. Senate
San Bernardino,Arun K. Bhumitra,REP,"11,887",CA,U.S. Senate
San Bernardino,James P Bradley,REP,"14,581",CA,U.S. Senate
San Bernardino,"John ""Jack"" Crew",REP,"3,887",CA,U.S. Senate
San Bernardino,Erin Cruz,REP,"8,783",CA,U.S. Senate
San Bernardino,"Roque ""Rocky"" De La Fuente",REP,"3,442",CA,U.S. Senate
San Bernardino,Jerry Joseph Laws,REP,"3,914",CA,U.S. Senate
San Bernardino,Patrick Little,REP,"3,675",CA,U.S. Senate
San Bernardino,Kevin Mottus,REP,"2,755",CA,U.S. Senate
San Bernardino,Mario Nabliba,REP,"1,037",CA,U.S. Senate
San Bernardino,Tom Palzer,REP,"9,225",CA,U.S. Senate
San Bernardino,Paul A Taylor,REP,"15,635",CA,U.S. Senate
San Bernardino,Derrick Michael Reid,LIB,"1,302",CA,U.S. Senate
San Bernardino,John Thompson Parker,P&F,517,CA,U.S. Senate
San Bernardino,Colleen Shea Fernald,NPP,341,CA,U.S. Senate
San Bernardino,Rash Bihari Ghosh,NPP,260,CA,U.S. Senate
San Bernardino,Tim Gildersleeve,NPP,316,CA,U.S. Senate
San Bernardino,Michael Fahmy Girgis,NPP,73,CA,U.S. Senate
San Bernardino,Don J. Grundmann,NPP,483,CA,U.S. Senate
San Bernardino,Jason M. Hanania,NPP,445,CA,U.S. Senate
San Bernardino,David Moore,NPP,683,CA,U.S. Senate
San Bernardino,Lee Olson,NPP,585,CA,U.S. Senate
San Bernardino,Ling Ling Shi,NPP,645,CA,U.S. Senate
San Diego,Kevin De Leon,DEM,"32,748",CA,U.S. Senate
San Diego,Adrienne Nicole Edwards,DEM,"3,759",CA,U.S. Senate
San Diego,Dianne Feinstein,DEM,"164,349",CA,U.S. Senate
San Diego,Pat Harris,DEM,"5,858",CA,U.S. Senate
San Diego,Alison Hartson,DEM,"7,993",CA,U.S. Senate
San Diego,David Hildebrand,DEM,"1,332",CA,U.S. Senate
San Diego,Herbert G. Peters,DEM,"1,096",CA,U.S. Senate
San Diego,Douglas Howard Pierce,DEM,"1,696",CA,U.S. Senate
San Diego,Gerald Plummer,DEM,508,CA,U.S. Senate
San Diego,Donnie O. Turner,DEM,"1,892",CA,U.S. Senate
San Diego,Arun K. Bhumitra,REP,"20,734",CA,U.S. Senate
San Diego,James P Bradley,REP,"49,853",CA,U.S. Senate
San Diego,"John ""Jack"" Crew",REP,"6,439",CA,U.S. Senate
San Diego,Erin Cruz,REP,"17,428",CA,U.S. Senate
San Diego,"Roque ""Rocky"" De La Fuente",REP,"16,591",CA,U.S. Senate
San Diego,Jerry Joseph Laws,REP,"3,513",CA,U.S. Senate
San Diego,Patrick Little,REP,"4,433",CA,U.S. Senate
San Diego,Kevin Mottus,REP,"4,402",CA,U.S. Senate
San Diego,Mario Nabliba,REP,"2,238",CA,U.S. Senate
San Diego,Tom Palzer,REP,"11,292",CA,U.S. Senate
San Diego,Paul A Taylor,REP,"19,746",CA,U.S. Senate
San Diego,Derrick Michael Reid,LIB,"3,405",CA,U.S. Senate
San Diego,John Thompson Parker,P&F,668,CA,U.S. Senate
San Diego,Colleen Shea Fernald,NPP,926,CA,U.S. Senate
San Diego,Rash Bihari Ghosh,NPP,680,CA,U.S. Senate
San Diego,Tim Gildersleeve,NPP,384,CA,U.S. Senate
San Diego,Michael Fahmy Girgis,NPP,149,CA,U.S. Senate
San Diego,Don J. Grundmann,NPP,716,CA,U.S. Senate
San Diego,Jason M. Hanania,NPP,"1,107",CA,U.S. Senate
San Diego,David Moore,NPP,"1,108",CA,U.S. Senate
San Diego,Lee Olson,NPP,961,CA,U.S. Senate
San Diego,Ling Ling Shi,NPP,766,CA,U.S. Senate
San Francisco,Kevin De Leon,DEM,"29,132",CA,U.S. Senate
San Francisco,Adrienne Nicole Edwards,DEM,"1,439",CA,U.S. Senate
San Francisco,Dianne Feinstein,DEM,"89,678",CA,U.S. Senate
San Francisco,Pat Harris,DEM,"2,359",CA,U.S. Senate
San Francisco,Alison Hartson,DEM,"2,135",CA,U.S. Senate
San Francisco,David Hildebrand,DEM,575,CA,U.S. Senate
San Francisco,Herbert G. Peters,DEM,260,CA,U.S. Senate
San Francisco,Douglas Howard Pierce,DEM,400,CA,U.S. Senate
San Francisco,Gerald Plummer,DEM,175,CA,U.S. Senate
San Francisco,Donnie O. Turner,DEM,472,CA,U.S. Senate
San Francisco,Arun K. Bhumitra,REP,"1,540",CA,U.S. Senate
San Francisco,James P Bradley,REP,"2,554",CA,U.S. Senate
San Francisco,"John ""Jack"" Crew",REP,468,CA,U.S. Senate
San Francisco,Erin Cruz,REP,"1,141",CA,U.S. Senate
San Francisco,"Roque ""Rocky"" De La Fuente",REP,"1,070",CA,U.S. Senate
San Francisco,Jerry Joseph Laws,REP,435,CA,U.S. Senate
San Francisco,Patrick Little,REP,592,CA,U.S. Senate
San Francisco,Kevin Mottus,REP,707,CA,U.S. Senate
San Francisco,Mario Nabliba,REP,599,CA,U.S. Senate
San Francisco,Tom Palzer,REP,600,CA,U.S. Senate
San Francisco,Paul A Taylor,REP,"2,763",CA,U.S. Senate
San Francisco,Derrick Michael Reid,LIB,"1,257",CA,U.S. Senate
San Francisco,John Thompson Parker,P&F,959,CA,U.S. Senate
San Francisco,Colleen Shea Fernald,NPP,421,CA,U.S. Senate
San Francisco,Rash Bihari Ghosh,NPP,257,CA,U.S. Senate
San Francisco,Tim Gildersleeve,NPP,61,CA,U.S. Senate
San Francisco,Michael Fahmy Girgis,NPP,48,CA,U.S. Senate
San Francisco,Don J. Grundmann,NPP,185,CA,U.S. Senate
San Francisco,Jason M. Hanania,NPP,365,CA,U.S. Senate
San Francisco,David Moore,NPP,412,CA,U.S. Senate
San Francisco,Lee Olson,NPP,728,CA,U.S. Senate
San Francisco,Ling Ling Shi,NPP,"1,140",CA,U.S. Senate
San Joaquin,Kevin De Leon,DEM,"4,322",CA,U.S. Senate
San Joaquin,Adrienne Nicole Edwards,DEM,517,CA,U.S. Senate
San Joaquin,Dianne Feinstein,DEM,"20,820",CA,U.S. Senate
San Joaquin,Pat Harris,DEM,"1,148",CA,U.S. Senate
San Joaquin,Alison Hartson,DEM,946,CA,U.S. Senate
San Joaquin,David Hildebrand,DEM,270,CA,U.S. Senate
San Joaquin,Herbert G. Peters,DEM,224,CA,U.S. Senate
San Joaquin,Douglas Howard Pierce,DEM,390,CA,U.S. Senate
San Joaquin,Gerald Plummer,DEM,146,CA,U.S. Senate
San Joaquin,Donnie O. Turner,DEM,411,CA,U.S. Senate
San Joaquin,Arun K. Bhumitra,REP,"4,326",CA,U.S. Senate
San Joaquin,James P Bradley,REP,"4,646",CA,U.S. Senate
San Joaquin,"John ""Jack"" Crew",REP,"1,685",CA,U.S. Senate
San Joaquin,Erin Cruz,REP,"2,628",CA,U.S. Senate
San Joaquin,"Roque ""Rocky"" De La Fuente",REP,"1,434",CA,U.S. Senate
San Joaquin,Jerry Joseph Laws,REP,617,CA,U.S. Senate
San Joaquin,Patrick Little,REP,"1,183",CA,U.S. Senate
San Joaquin,Kevin Mottus,REP,840,CA,U.S. Senate
San Joaquin,Mario Nabliba,REP,504,CA,U.S. Senate
San Joaquin,Tom Palzer,REP,"1,404",CA,U.S. Senate
San Joaquin,Paul A Taylor,REP,"3,836",CA,U.S. Senate
San Joaquin,Derrick Michael Reid,LIB,601,CA,U.S. Senate
San Joaquin,John Thompson Parker,P&F,170,CA,U.S. Senate
San Joaquin,Colleen Shea Fernald,NPP,166,CA,U.S. Senate
San Joaquin,Rash Bihari Ghosh,NPP,164,CA,U.S. Senate
San Joaquin,Tim Gildersleeve,NPP,112,CA,U.S. Senate
San Joaquin,Michael Fahmy Girgis,NPP,41,CA,U.S. Senate
San Joaquin,Don J. Grundmann,NPP,226,CA,U.S. Senate
San Joaquin,Jason M. Hanania,NPP,174,CA,U.S. Senate
San Joaquin,David Moore,NPP,350,CA,U.S. Senate
San Joaquin,Lee Olson,NPP,190,CA,U.S. Senate
San Joaquin,Ling Ling Shi,NPP,133,CA,U.S. Senate
San Luis Obispo,Kevin De Leon,DEM,"4,355",CA,U.S. Senate
San Luis Obispo,Adrienne Nicole Edwards,DEM,367,CA,U.S. Senate
San Luis Obispo,Dianne Feinstein,DEM,"21,149",CA,U.S. Senate
San Luis Obispo,Pat Harris,DEM,655,CA,U.S. Senate
San Luis Obispo,Alison Hartson,DEM,"1,074",CA,U.S. Senate
San Luis Obispo,David Hildebrand,DEM,155,CA,U.S. Senate
San Luis Obispo,Herbert G. Peters,DEM,218,CA,U.S. Senate
San Luis Obispo,Douglas Howard Pierce,DEM,440,CA,U.S. Senate
San Luis Obispo,Gerald Plummer,DEM,111,CA,U.S. Senate
San Luis Obispo,Donnie O. Turner,DEM,194,CA,U.S. Senate
San Luis Obispo,Arun K. Bhumitra,REP,"5,714",CA,U.S. Senate
San Luis Obispo,James P Bradley,REP,"5,972",CA,U.S. Senate
San Luis Obispo,"John ""Jack"" Crew",REP,719,CA,U.S. Senate
San Luis Obispo,Erin Cruz,REP,"2,609",CA,U.S. Senate
San Luis Obispo,"Roque ""Rocky"" De La Fuente",REP,951,CA,U.S. Senate
San Luis Obispo,Jerry Joseph Laws,REP,748,CA,U.S. Senate
San Luis Obispo,Patrick Little,REP,499,CA,U.S. Senate
San Luis Obispo,Kevin Mottus,REP,665,CA,U.S. Senate
San Luis Obispo,Mario Nabliba,REP,268,CA,U.S. Senate
San Luis Obispo,Tom Palzer,REP,"1,718",CA,U.S. Senate
San Luis Obispo,Paul A Taylor,REP,"2,593",CA,U.S. Senate
San Luis Obispo,Derrick Michael Reid,LIB,560,CA,U.S. Senate
San Luis Obispo,John Thompson Parker,P&F,210,CA,U.S. Senate
San Luis Obispo,Colleen Shea Fernald,NPP,125,CA,U.S. Senate
San Luis Obispo,Rash Bihari Ghosh,NPP,76,CA,U.S. Senate
San Luis Obispo,Tim Gildersleeve,NPP,76,CA,U.S. Senate
San Luis Obispo,Michael Fahmy Girgis,NPP,10,CA,U.S. Senate
San Luis Obispo,Don J. Grundmann,NPP,148,CA,U.S. Senate
San Luis Obispo,Jason M. Hanania,NPP,162,CA,U.S. Senate
San Luis Obispo,David Moore,NPP,139,CA,U.S. Senate
San Luis Obispo,Lee Olson,NPP,142,CA,U.S. Senate
San Luis Obispo,Ling Ling Shi,NPP,59,CA,U.S. Senate
San Mateo,Kevin De Leon,DEM,"9,145",CA,U.S. Senate
San Mateo,Adrienne Nicole Edwards,DEM,497,CA,U.S. Senate
San Mateo,Dianne Feinstein,DEM,"38,570",CA,U.S. Senate
San Mateo,Pat Harris,DEM,"2,292",CA,U.S. Senate
San Mateo,Alison Hartson,DEM,"2,085",CA,U.S. Senate
San Mateo,David Hildebrand,DEM,454,CA,U.S. Senate
San Mateo,Herbert G. Peters,DEM,165,CA,U.S. Senate
San Mateo,Douglas Howard Pierce,DEM,258,CA,U.S. Senate
San Mateo,Gerald Plummer,DEM,139,CA,U.S. Senate
San Mateo,Donnie O. Turner,DEM,762,CA,U.S. Senate
San Mateo,Arun K. Bhumitra,REP,"2,211",CA,U.S. Senate
San Mateo,James P Bradley,REP,"3,589",CA,U.S. Senate
San Mateo,"John ""Jack"" Crew",REP,392,CA,U.S. Senate
San Mateo,Erin Cruz,REP,"1,193",CA,U.S. Senate
San Mateo,"Roque ""Rocky"" De La Fuente",REP,"1,709",CA,U.S. Senate
San Mateo,Jerry Joseph Laws,REP,369,CA,U.S. Senate
San Mateo,Patrick Little,REP,368,CA,U.S. Senate
San Mateo,Kevin Mottus,REP,"1,037",CA,U.S. Senate
San Mateo,Mario Nabliba,REP,587,CA,U.S. Senate
San Mateo,Tom Palzer,REP,"1,009",CA,U.S. Senate
San Mateo,Paul A Taylor,REP,"1,680",CA,U.S. Senate
San Mateo,Derrick Michael Reid,LIB,508,CA,U.S. Senate
San Mateo,John Thompson Parker,P&F,205,CA,U.S. Senate
San Mateo,Colleen Shea Fernald,NPP,130,CA,U.S. Senate
San Mateo,Rash Bihari Ghosh,NPP,113,CA,U.S. Senate
San Mateo,Tim Gildersleeve,NPP,40,CA,U.S. Senate
San Mateo,Michael Fahmy Girgis,NPP,23,CA,U.S. Senate
San Mateo,Don J. Grundmann,NPP,112,CA,U.S. Senate
San Mateo,Jason M. Hanania,NPP,288,CA,U.S. Senate
San Mateo,David Moore,NPP,309,CA,U.S. Senate
San Mateo,Lee Olson,NPP,326,CA,U.S. Senate
San Mateo,Ling Ling Shi,NPP,299,CA,U.S. Senate
Santa Barbara,Kevin De Leon,DEM,"4,581",CA,U.S. Senate
Santa Barbara,Adrienne Nicole Edwards,DEM,372,CA,U.S. Senate
Santa Barbara,Dianne Feinstein,DEM,"24,943",CA,U.S. Senate
Santa Barbara,Pat Harris,DEM,709,CA,U.S. Senate
Santa Barbara,Alison Hartson,DEM,984,CA,U.S. Senate
Santa Barbara,David Hildebrand,DEM,156,CA,U.S. Senate
Santa Barbara,Herbert G. Peters,DEM,482,CA,U.S. Senate
Santa Barbara,Douglas Howard Pierce,DEM,423,CA,U.S. Senate
Santa Barbara,Gerald Plummer,DEM,79,CA,U.S. Senate
Santa Barbara,Donnie O. Turner,DEM,232,CA,U.S. Senate
Santa Barbara,Arun K. Bhumitra,REP,"4,396",CA,U.S. Senate
Santa Barbara,James P Bradley,REP,"7,019",CA,U.S. Senate
Santa Barbara,"John ""Jack"" Crew",REP,681,CA,U.S. Senate
Santa Barbara,Erin Cruz,REP,"1,996",CA,U.S. Senate
Santa Barbara,"Roque ""Rocky"" De La Fuente",REP,825,CA,U.S. Senate
Santa Barbara,Jerry Joseph Laws,REP,571,CA,U.S. Senate
Santa Barbara,Patrick Little,REP,502,CA,U.S. Senate
Santa Barbara,Kevin Mottus,REP,649,CA,U.S. Senate
Santa Barbara,Mario Nabliba,REP,260,CA,U.S. Senate
Santa Barbara,Tom Palzer,REP,970,CA,U.S. Senate
Santa Barbara,Paul A Taylor,REP,"2,291",CA,U.S. Senate
Santa Barbara,Derrick Michael Reid,LIB,545,CA,U.S. Senate
Santa Barbara,John Thompson Parker,P&F,123,CA,U.S. Senate
Santa Barbara,Colleen Shea Fernald,NPP,118,CA,U.S. Senate
Santa Barbara,Rash Bihari Ghosh,NPP,88,CA,U.S. Senate
Santa Barbara,Tim Gildersleeve,NPP,35,CA,U.S. Senate
Santa Barbara,Michael Fahmy Girgis,NPP,17,CA,U.S. Senate
Santa Barbara,Don J. Grundmann,NPP,124,CA,U.S. Senate
Santa Barbara,Jason M. Hanania,NPP,140,CA,U.S. Senate
Santa Barbara,David Moore,NPP,142,CA,U.S. Senate
Santa Barbara,Lee Olson,NPP,147,CA,U.S. Senate
Santa Barbara,Ling Ling Shi,NPP,67,CA,U.S. Senate
Santa Clara,Kevin De Leon,DEM,"26,282",CA,U.S. Senate
Santa Clara,Adrienne Nicole Edwards,DEM,782,CA,U.S. Senate
Santa Clara,Dianne Feinstein,DEM,"81,465",CA,U.S. Senate
Santa Clara,Pat Harris,DEM,"1,931",CA,U.S. Senate
Santa Clara,Alison Hartson,DEM,"5,125",CA,U.S. Senate
Santa Clara,David Hildebrand,DEM,"1,517",CA,U.S. Senate
Santa Clara,Herbert G. Peters,DEM,"1,033",CA,U.S. Senate
Santa Clara,Douglas Howard Pierce,DEM,"1,553",CA,U.S. Senate
Santa Clara,Gerald Plummer,DEM,"1,177",CA,U.S. Senate
Santa Clara,Donnie O. Turner,DEM,241,CA,U.S. Senate
Santa Clara,Arun K. Bhumitra,REP,"3,656",CA,U.S. Senate
Santa Clara,James P Bradley,REP,"11,493",CA,U.S. Senate
Santa Clara,"John ""Jack"" Crew",REP,885,CA,U.S. Senate
Santa Clara,Erin Cruz,REP,"4,456",CA,U.S. Senate
Santa Clara,"Roque ""Rocky"" De La Fuente",REP,"3,761",CA,U.S. Senate
Santa Clara,Jerry Joseph Laws,REP,"1,017",CA,U.S. Senate
Santa Clara,Patrick Little,REP,"1,702",CA,U.S. Senate
Santa Clara,Kevin Mottus,REP,"3,965",CA,U.S. Senate
Santa Clara,Mario Nabliba,REP,"1,793",CA,U.S. Senate
Santa Clara,Tom Palzer,REP,"3,953",CA,U.S. Senate
Santa Clara,Paul A Taylor,REP,"3,525",CA,U.S. Senate
Santa Clara,Derrick Michael Reid,LIB,"1,474",CA,U.S. Senate
Santa Clara,John Thompson Parker,P&F,715,CA,U.S. Senate
Santa Clara,Colleen Shea Fernald,NPP,164,CA,U.S. Senate
Santa Clara,Rash Bihari Ghosh,NPP,249,CA,U.S. Senate
Santa Clara,Tim Gildersleeve,NPP,237,CA,U.S. Senate
Santa Clara,Michael Fahmy Girgis,NPP,48,CA,U.S. Senate
Santa Clara,Don J. Grundmann,NPP,307,CA,U.S. Senate
Santa Clara,Jason M. Hanania,NPP,698,CA,U.S. Senate
Santa Clara,David Moore,NPP,927,CA,U.S. Senate
Santa Clara,Lee Olson,NPP,827,CA,U.S. Senate
Santa Clara,Ling Ling Shi,NPP,"1,041",CA,U.S. Senate
Santa Cruz,Kevin De Leon,DEM,"6,711",CA,U.S. Senate
Santa Cruz,Adrienne Nicole Edwards,DEM,275,CA,U.S. Senate
Santa Cruz,Dianne Feinstein,DEM,"18,823",CA,U.S. Senate
Santa Cruz,Pat Harris,DEM,654,CA,U.S. Senate
Santa Cruz,Alison Hartson,DEM,"1,050",CA,U.S. Senate
Santa Cruz,David Hildebrand,DEM,154,CA,U.S. Senate
Santa Cruz,Herbert G. Peters,DEM,139,CA,U.S. Senate
Santa Cruz,Douglas Howard Pierce,DEM,200,CA,U.S. Senate
Santa Cruz,Gerald Plummer,DEM,151,CA,U.S. Senate
Santa Cruz,Donnie O. Turner,DEM,102,CA,U.S. Senate
Santa Cruz,Arun K. Bhumitra,REP,243,CA,U.S. Senate
Santa Cruz,James P Bradley,REP,"1,703",CA,U.S. Senate
Santa Cruz,"John ""Jack"" Crew",REP,276,CA,U.S. Senate
Santa Cruz,Erin Cruz,REP,810,CA,U.S. Senate
Santa Cruz,"Roque ""Rocky"" De La Fuente",REP,316,CA,U.S. Senate
Santa Cruz,Jerry Joseph Laws,REP,218,CA,U.S. Senate
Santa Cruz,Patrick Little,REP,257,CA,U.S. Senate
Santa Cruz,Kevin Mottus,REP,749,CA,U.S. Senate
Santa Cruz,Mario Nabliba,REP,246,CA,U.S. Senate
Santa Cruz,Tom Palzer,REP,518,CA,U.S. Senate
Santa Cruz,Paul A Taylor,REP,"1,279",CA,U.S. Senate
Santa Cruz,Derrick Michael Reid,LIB,288,CA,U.S. Senate
Santa Cruz,John Thompson Parker,P&F,177,CA,U.S. Senate
Santa Cruz,Colleen Shea Fernald,NPP,47,CA,U.S. Senate
Santa Cruz,Rash Bihari Ghosh,NPP,66,CA,U.S. Senate
Santa Cruz,Tim Gildersleeve,NPP,50,CA,U.S. Senate
Santa Cruz,Michael Fahmy Girgis,NPP,7,CA,U.S. Senate
Santa Cruz,Don J. Grundmann,NPP,61,CA,U.S. Senate
Santa Cruz,Jason M. Hanania,NPP,78,CA,U.S. Senate
Santa Cruz,David Moore,NPP,151,CA,U.S. Senate
Santa Cruz,Lee Olson,NPP,67,CA,U.S. Senate
Santa Cruz,Ling Ling Shi,NPP,32,CA,U.S. Senate
Shasta,Kevin De Leon,DEM,890,CA,U.S. Senate
Shasta,Adrienne Nicole Edwards,DEM,143,CA,U.S. Senate
Shasta,Dianne Feinstein,DEM,"4,646",CA,U.S. Senate
Shasta,Pat Harris,DEM,230,CA,U.S. Senate
Shasta,Alison Hartson,DEM,412,CA,U.S. Senate
Shasta,David Hildebrand,DEM,75,CA,U.S. Senate
Shasta,Herbert G. Peters,DEM,84,CA,U.S. Senate
Shasta,Douglas Howard Pierce,DEM,140,CA,U.S. Senate
Shasta,Gerald Plummer,DEM,178,CA,U.S. Senate
Shasta,Donnie O. Turner,DEM,124,CA,U.S. Senate
Shasta,Arun K. Bhumitra,REP,"2,051",CA,U.S. Senate
Shasta,James P Bradley,REP,"2,861",CA,U.S. Senate
Shasta,"John ""Jack"" Crew",REP,559,CA,U.S. Senate
Shasta,Erin Cruz,REP,"1,830",CA,U.S. Senate
Shasta,"Roque ""Rocky"" De La Fuente",REP,608,CA,U.S. Senate
Shasta,Jerry Joseph Laws,REP,524,CA,U.S. Senate
Shasta,Patrick Little,REP,355,CA,U.S. Senate
Shasta,Kevin Mottus,REP,425,CA,U.S. Senate
Shasta,Mario Nabliba,REP,149,CA,U.S. Senate
Shasta,Tom Palzer,REP,"1,601",CA,U.S. Senate
Shasta,Paul A Taylor,REP,"1,890",CA,U.S. Senate
Shasta,Derrick Michael Reid,LIB,217,CA,U.S. Senate
Shasta,John Thompson Parker,P&F,92,CA,U.S. Senate
Shasta,Colleen Shea Fernald,NPP,73,CA,U.S. Senate
Shasta,Rash Bihari Ghosh,NPP,34,CA,U.S. Senate
Shasta,Tim Gildersleeve,NPP,54,CA,U.S. Senate
Shasta,Michael Fahmy Girgis,NPP,5,CA,U.S. Senate
Shasta,Don J. Grundmann,NPP,80,CA,U.S. Senate
Shasta,Jason M. Hanania,NPP,73,CA,U.S. Senate
Shasta,David Moore,NPP,82,CA,U.S. Senate
Shasta,Lee Olson,NPP,67,CA,U.S. Senate
Shasta,Ling Ling Shi,NPP,25,CA,U.S. Senate
Sierra,Kevin De Leon,DEM,89,CA,U.S. Senate
Sierra,Adrienne Nicole Edwards,DEM,9,CA,U.S. Senate
Sierra,Dianne Feinstein,DEM,324,CA,U.S. Senate
Sierra,Pat Harris,DEM,12,CA,U.S. Senate
Sierra,Alison Hartson,DEM,23,CA,U.S. Senate
Sierra,David Hildebrand,DEM,0,CA,U.S. Senate
Sierra,Herbert G. Peters,DEM,6,CA,U.S. Senate
Sierra,Douglas Howard Pierce,DEM,8,CA,U.S. Senate
Sierra,Gerald Plummer,DEM,9,CA,U.S. Senate
Sierra,Donnie O. Turner,DEM,8,CA,U.S. Senate
Sierra,Arun K. Bhumitra,REP,27,CA,U.S. Senate
Sierra,James P Bradley,REP,155,CA,U.S. Senate
Sierra,"John ""Jack"" Crew",REP,74,CA,U.S. Senate
Sierra,Erin Cruz,REP,88,CA,U.S. Senate
Sierra,"Roque ""Rocky"" De La Fuente",REP,22,CA,U.S. Senate
Sierra,Jerry Joseph Laws,REP,31,CA,U.S. Senate
Sierra,Patrick Little,REP,30,CA,U.S. Senate
Sierra,Kevin Mottus,REP,26,CA,U.S. Senate
Sierra,Mario Nabliba,REP,18,CA,U.S. Senate
Sierra,Tom Palzer,REP,50,CA,U.S. Senate
Sierra,Paul A Taylor,REP,113,CA,U.S. Senate
Sierra,Derrick Michael Reid,LIB,23,CA,U.S. Senate
Sierra,John Thompson Parker,P&F,7,CA,U.S. Senate
Sierra,Colleen Shea Fernald,NPP,5,CA,U.S. Senate
Sierra,Rash Bihari Ghosh,NPP,5,CA,U.S. Senate
Sierra,Tim Gildersleeve,NPP,6,CA,U.S. Senate
Sierra,Michael Fahmy Girgis,NPP,0,CA,U.S. Senate
Sierra,Don J. Grundmann,NPP,2,CA,U.S. Senate
Sierra,Jason M. Hanania,NPP,9,CA,U.S. Senate
Sierra,David Moore,NPP,7,CA,U.S. Senate
Sierra,Lee Olson,NPP,5,CA,U.S. Senate
Sierra,Ling Ling Shi,NPP,4,CA,U.S. Senate
Siskiyou,Kevin De Leon,DEM,469,CA,U.S. Senate
Siskiyou,Adrienne Nicole Edwards,DEM,73,CA,U.S. Senate
Siskiyou,Dianne Feinstein,DEM,"1,921",CA,U.S. Senate
Siskiyou,Pat Harris,DEM,126,CA,U.S. Senate
Siskiyou,Alison Hartson,DEM,226,CA,U.S. Senate
Siskiyou,David Hildebrand,DEM,70,CA,U.S. Senate
Siskiyou,Herbert G. Peters,DEM,43,CA,U.S. Senate
Siskiyou,Douglas Howard Pierce,DEM,72,CA,U.S. Senate
Siskiyou,Gerald Plummer,DEM,61,CA,U.S. Senate
Siskiyou,Donnie O. Turner,DEM,49,CA,U.S. Senate
Siskiyou,Arun K. Bhumitra,REP,89,CA,U.S. Senate
Siskiyou,James P Bradley,REP,"1,038",CA,U.S. Senate
Siskiyou,"John ""Jack"" Crew",REP,170,CA,U.S. Senate
Siskiyou,Erin Cruz,REP,508,CA,U.S. Senate
Siskiyou,"Roque ""Rocky"" De La Fuente",REP,200,CA,U.S. Senate
Siskiyou,Jerry Joseph Laws,REP,261,CA,U.S. Senate
Siskiyou,Patrick Little,REP,84,CA,U.S. Senate
Siskiyou,Kevin Mottus,REP,193,CA,U.S. Senate
Siskiyou,Mario Nabliba,REP,53,CA,U.S. Senate
Siskiyou,Tom Palzer,REP,422,CA,U.S. Senate
Siskiyou,Paul A Taylor,REP,661,CA,U.S. Senate
Siskiyou,Derrick Michael Reid,LIB,90,CA,U.S. Senate
Siskiyou,John Thompson Parker,P&F,48,CA,U.S. Senate
Siskiyou,Colleen Shea Fernald,NPP,28,CA,U.S. Senate
Siskiyou,Rash Bihari Ghosh,NPP,10,CA,U.S. Senate
Siskiyou,Tim Gildersleeve,NPP,12,CA,U.S. Senate
Siskiyou,Michael Fahmy Girgis,NPP,0,CA,U.S. Senate
Siskiyou,Don J. Grundmann,NPP,34,CA,U.S. Senate
Siskiyou,Jason M. Hanania,NPP,39,CA,U.S. Senate
Siskiyou,David Moore,NPP,41,CA,U.S. Senate
Siskiyou,Lee Olson,NPP,20,CA,U.S. Senate
Siskiyou,Ling Ling Shi,NPP,7,CA,U.S. Senate
Solano,Kevin De Leon,DEM,"4,946",CA,U.S. Senate
Solano,Adrienne Nicole Edwards,DEM,545,CA,U.S. Senate
Solano,Dianne Feinstein,DEM,"31,119",CA,U.S. Senate
Solano,Pat Harris,DEM,"1,116",CA,U.S. Senate
Solano,Alison Hartson,DEM,"1,420",CA,U.S. Senate
Solano,David Hildebrand,DEM,249,CA,U.S. Senate
Solano,Herbert G. Peters,DEM,153,CA,U.S. Senate
Solano,Douglas Howard Pierce,DEM,295,CA,U.S. Senate
Solano,Gerald Plummer,DEM,98,CA,U.S. Senate
Solano,Donnie O. Turner,DEM,375,CA,U.S. Senate
Solano,Arun K. Bhumitra,REP,"1,966",CA,U.S. Senate
Solano,James P Bradley,REP,"5,034",CA,U.S. Senate
Solano,"John ""Jack"" Crew",REP,"1,519",CA,U.S. Senate
Solano,Erin Cruz,REP,"3,993",CA,U.S. Senate
Solano,"Roque ""Rocky"" De La Fuente",REP,"1,212",CA,U.S. Senate
Solano,Jerry Joseph Laws,REP,724,CA,U.S. Senate
Solano,Patrick Little,REP,564,CA,U.S. Senate
Solano,Kevin Mottus,REP,"1,005",CA,U.S. Senate
Solano,Mario Nabliba,REP,315,CA,U.S. Senate
Solano,Tom Palzer,REP,"1,269",CA,U.S. Senate
Solano,Paul A Taylor,REP,"3,258",CA,U.S. Senate
Solano,Derrick Michael Reid,LIB,712,CA,U.S. Senate
Solano,John Thompson Parker,P&F,234,CA,U.S. Senate
Solano,Colleen Shea Fernald,NPP,130,CA,U.S. Senate
Solano,Rash Bihari Ghosh,NPP,136,CA,U.S. Senate
Solano,Tim Gildersleeve,NPP,95,CA,U.S. Senate
Solano,Michael Fahmy Girgis,NPP,40,CA,U.S. Senate
Solano,Don J. Grundmann,NPP,228,CA,U.S. Senate
Solano,Jason M. Hanania,NPP,200,CA,U.S. Senate
Solano,David Moore,NPP,215,CA,U.S. Senate
Solano,Lee Olson,NPP,165,CA,U.S. Senate
Solano,Ling Ling Shi,NPP,146,CA,U.S. Senate
Sonoma,Kevin De Leon,DEM,"7,143",CA,U.S. Senate
Sonoma,Adrienne Nicole Edwards,DEM,835,CA,U.S. Senate
Sonoma,Dianne Feinstein,DEM,"37,453",CA,U.S. Senate
Sonoma,Pat Harris,DEM,"1,273",CA,U.S. Senate
Sonoma,Alison Hartson,DEM,"1,677",CA,U.S. Senate
Sonoma,David Hildebrand,DEM,284,CA,U.S. Senate
Sonoma,Herbert G. Peters,DEM,579,CA,U.S. Senate
Sonoma,Douglas Howard Pierce,DEM,817,CA,U.S. Senate
Sonoma,Gerald Plummer,DEM,75,CA,U.S. Senate
Sonoma,Donnie O. Turner,DEM,336,CA,U.S. Senate
Sonoma,Arun K. Bhumitra,REP,"2,456",CA,U.S. Senate
Sonoma,James P Bradley,REP,"4,248",CA,U.S. Senate
Sonoma,"John ""Jack"" Crew",REP,"1,187",CA,U.S. Senate
Sonoma,Erin Cruz,REP,"1,448",CA,U.S. Senate
Sonoma,"Roque ""Rocky"" De La Fuente",REP,477,CA,U.S. Senate
Sonoma,Jerry Joseph Laws,REP,427,CA,U.S. Senate
Sonoma,Patrick Little,REP,401,CA,U.S. Senate
Sonoma,Kevin Mottus,REP,405,CA,U.S. Senate
Sonoma,Mario Nabliba,REP,170,CA,U.S. Senate
Sonoma,Tom Palzer,REP,"1,133",CA,U.S. Senate
Sonoma,Paul A Taylor,REP,"2,660",CA,U.S. Senate
Sonoma,Derrick Michael Reid,LIB,657,CA,U.S. Senate
Sonoma,John Thompson Parker,P&F,264,CA,U.S. Senate
Sonoma,Colleen Shea Fernald,NPP,176,CA,U.S. Senate
Sonoma,Rash Bihari Ghosh,NPP,230,CA,U.S. Senate
Sonoma,Tim Gildersleeve,NPP,97,CA,U.S. Senate
Sonoma,Michael Fahmy Girgis,NPP,44,CA,U.S. Senate
Sonoma,Don J. Grundmann,NPP,143,CA,U.S. Senate
Sonoma,Jason M. Hanania,NPP,162,CA,U.S. Senate
Sonoma,David Moore,NPP,119,CA,U.S. Senate
Sonoma,Lee Olson,NPP,123,CA,U.S. Senate
Sonoma,Ling Ling Shi,NPP,103,CA,U.S. Senate
Stanislaus,Kevin De Leon,DEM,"3,723",CA,U.S. Senate
Stanislaus,Adrienne Nicole Edwards,DEM,441,CA,U.S. Senate
Stanislaus,Dianne Feinstein,DEM,"14,904",CA,U.S. Senate
Stanislaus,Pat Harris,DEM,"1,036",CA,U.S. Senate
Stanislaus,Alison Hartson,DEM,935,CA,U.S. Senate
Stanislaus,David Hildebrand,DEM,273,CA,U.S. Senate
Stanislaus,Herbert G. Peters,DEM,121,CA,U.S. Senate
Stanislaus,Douglas Howard Pierce,DEM,238,CA,U.S. Senate
Stanislaus,Gerald Plummer,DEM,103,CA,U.S. Senate
Stanislaus,Donnie O. Turner,DEM,423,CA,U.S. Senate
Stanislaus,Arun K. Bhumitra,REP,"3,555",CA,U.S. Senate
Stanislaus,James P Bradley,REP,"3,693",CA,U.S. Senate
Stanislaus,"John ""Jack"" Crew",REP,"1,725",CA,U.S. Senate
Stanislaus,Erin Cruz,REP,"2,730",CA,U.S. Senate
Stanislaus,"Roque ""Rocky"" De La Fuente",REP,941,CA,U.S. Senate
Stanislaus,Jerry Joseph Laws,REP,442,CA,U.S. Senate
Stanislaus,Patrick Little,REP,738,CA,U.S. Senate
Stanislaus,Kevin Mottus,REP,939,CA,U.S. Senate
Stanislaus,Mario Nabliba,REP,278,CA,U.S. Senate
Stanislaus,Tom Palzer,REP,"1,381",CA,U.S. Senate
Stanislaus,Paul A Taylor,REP,"4,303",CA,U.S. Senate
Stanislaus,Derrick Michael Reid,LIB,448,CA,U.S. Senate
Stanislaus,John Thompson Parker,P&F,120,CA,U.S. Senate
Stanislaus,Colleen Shea Fernald,NPP,119,CA,U.S. Senate
Stanislaus,Rash Bihari Ghosh,NPP,76,CA,U.S. Senate
Stanislaus,Tim Gildersleeve,NPP,96,CA,U.S. Senate
Stanislaus,Michael Fahmy Girgis,NPP,25,CA,U.S. Senate
Stanislaus,Don J. Grundmann,NPP,245,CA,U.S. Senate
Stanislaus,Jason M. Hanania,NPP,112,CA,U.S. Senate
Stanislaus,David Moore,NPP,175,CA,U.S. Senate
Stanislaus,Lee Olson,NPP,198,CA,U.S. Senate
Stanislaus,Ling Ling Shi,NPP,97,CA,U.S. Senate
Sutter,Kevin De Leon,DEM,550,CA,U.S. Senate
Sutter,Adrienne Nicole Edwards,DEM,43,CA,U.S. Senate
Sutter,Dianne Feinstein,DEM,"2,426",CA,U.S. Senate
Sutter,Pat Harris,DEM,130,CA,U.S. Senate
Sutter,Alison Hartson,DEM,114,CA,U.S. Senate
Sutter,David Hildebrand,DEM,40,CA,U.S. Senate
Sutter,Herbert G. Peters,DEM,117,CA,U.S. Senate
Sutter,Douglas Howard Pierce,DEM,233,CA,U.S. Senate
Sutter,Gerald Plummer,DEM,23,CA,U.S. Senate
Sutter,Donnie O. Turner,DEM,58,CA,U.S. Senate
Sutter,Arun K. Bhumitra,REP,962,CA,U.S. Senate
Sutter,James P Bradley,REP,"1,893",CA,U.S. Senate
Sutter,"John ""Jack"" Crew",REP,294,CA,U.S. Senate
Sutter,Erin Cruz,REP,648,CA,U.S. Senate
Sutter,"Roque ""Rocky"" De La Fuente",REP,215,CA,U.S. Senate
Sutter,Jerry Joseph Laws,REP,196,CA,U.S. Senate
Sutter,Patrick Little,REP,161,CA,U.S. Senate
Sutter,Kevin Mottus,REP,171,CA,U.S. Senate
Sutter,Mario Nabliba,REP,60,CA,U.S. Senate
Sutter,Tom Palzer,REP,308,CA,U.S. Senate
Sutter,Paul A Taylor,REP,660,CA,U.S. Senate
Sutter,Derrick Michael Reid,LIB,113,CA,U.S. Senate
Sutter,John Thompson Parker,P&F,71,CA,U.S. Senate
Sutter,Colleen Shea Fernald,NPP,18,CA,U.S. Senate
Sutter,Rash Bihari Ghosh,NPP,78,CA,U.S. Senate
Sutter,Tim Gildersleeve,NPP,21,CA,U.S. Senate
Sutter,Michael Fahmy Girgis,NPP,5,CA,U.S. Senate
Sutter,Don J. Grundmann,NPP,45,CA,U.S. Senate
Sutter,Jason M. Hanania,NPP,28,CA,U.S. Senate
Sutter,David Moore,NPP,49,CA,U.S. Senate
Sutter,Lee Olson,NPP,26,CA,U.S. Senate
Sutter,Ling Ling Shi,NPP,28,CA,U.S. Senate
Tehama,Kevin De Leon,DEM,369,CA,U.S. Senate
Tehama,Adrienne Nicole Edwards,DEM,65,CA,U.S. Senate
Tehama,Dianne Feinstein,DEM,"1,875",CA,U.S. Senate
Tehama,Pat Harris,DEM,80,CA,U.S. Senate
Tehama,Alison Hartson,DEM,174,CA,U.S. Senate
Tehama,David Hildebrand,DEM,28,CA,U.S. Senate
Tehama,Herbert G. Peters,DEM,66,CA,U.S. Senate
Tehama,Douglas Howard Pierce,DEM,138,CA,U.S. Senate
Tehama,Gerald Plummer,DEM,26,CA,U.S. Senate
Tehama,Donnie O. Turner,DEM,61,CA,U.S. Senate
Tehama,Arun K. Bhumitra,REP,912,CA,U.S. Senate
Tehama,James P Bradley,REP,"1,829",CA,U.S. Senate
Tehama,"John ""Jack"" Crew",REP,377,CA,U.S. Senate
Tehama,Erin Cruz,REP,762,CA,U.S. Senate
Tehama,"Roque ""Rocky"" De La Fuente",REP,267,CA,U.S. Senate
Tehama,Jerry Joseph Laws,REP,295,CA,U.S. Senate
Tehama,Patrick Little,REP,209,CA,U.S. Senate
Tehama,Kevin Mottus,REP,180,CA,U.S. Senate
Tehama,Mario Nabliba,REP,74,CA,U.S. Senate
Tehama,Tom Palzer,REP,232,CA,U.S. Senate
Tehama,Paul A Taylor,REP,836,CA,U.S. Senate
Tehama,Derrick Michael Reid,LIB,132,CA,U.S. Senate
Tehama,John Thompson Parker,P&F,58,CA,U.S. Senate
Tehama,Colleen Shea Fernald,NPP,43,CA,U.S. Senate
Tehama,Rash Bihari Ghosh,NPP,8,CA,U.S. Senate
Tehama,Tim Gildersleeve,NPP,34,CA,U.S. Senate
Tehama,Michael Fahmy Girgis,NPP,5,CA,U.S. Senate
Tehama,Don J. Grundmann,NPP,41,CA,U.S. Senate
Tehama,Jason M. Hanania,NPP,22,CA,U.S. Senate
Tehama,David Moore,NPP,40,CA,U.S. Senate
Tehama,Lee Olson,NPP,42,CA,U.S. Senate
Tehama,Ling Ling Shi,NPP,13,CA,U.S. Senate
Trinity,Kevin De Leon,DEM,256,CA,U.S. Senate
Trinity,Adrienne Nicole Edwards,DEM,35,CA,U.S. Senate
Trinity,Dianne Feinstein,DEM,888,CA,U.S. Senate
Trinity,Pat Harris,DEM,52,CA,U.S. Senate
Trinity,Alison Hartson,DEM,106,CA,U.S. Senate
Trinity,David Hildebrand,DEM,23,CA,U.S. Senate
Trinity,Herbert G. Peters,DEM,19,CA,U.S. Senate
Trinity,Douglas Howard Pierce,DEM,33,CA,U.S. Senate
Trinity,Gerald Plummer,DEM,10,CA,U.S. Senate
Trinity,Donnie O. Turner,DEM,22,CA,U.S. Senate
Trinity,Arun K. Bhumitra,REP,60,CA,U.S. Senate
Trinity,James P Bradley,REP,303,CA,U.S. Senate
Trinity,"John ""Jack"" Crew",REP,89,CA,U.S. Senate
Trinity,Erin Cruz,REP,261,CA,U.S. Senate
Trinity,"Roque ""Rocky"" De La Fuente",REP,74,CA,U.S. Senate
Trinity,Jerry Joseph Laws,REP,78,CA,U.S. Senate
Trinity,Patrick Little,REP,52,CA,U.S. Senate
Trinity,Kevin Mottus,REP,92,CA,U.S. Senate
Trinity,Mario Nabliba,REP,38,CA,U.S. Senate
Trinity,Tom Palzer,REP,169,CA,U.S. Senate
Trinity,Paul A Taylor,REP,261,CA,U.S. Senate
Trinity,Derrick Michael Reid,LIB,51,CA,U.S. Senate
Trinity,John Thompson Parker,P&F,21,CA,U.S. Senate
Trinity,Colleen Shea Fernald,NPP,20,CA,U.S. Senate
Trinity,Rash Bihari Ghosh,NPP,4,CA,U.S. Senate
Trinity,Tim Gildersleeve,NPP,15,CA,U.S. Senate
Trinity,Michael Fahmy Girgis,NPP,0,CA,U.S. Senate
Trinity,Don J. Grundmann,NPP,16,CA,U.S. Senate
Trinity,Jason M. Hanania,NPP,12,CA,U.S. Senate
Trinity,David Moore,NPP,22,CA,U.S. Senate
Trinity,Lee Olson,NPP,17,CA,U.S. Senate
Trinity,Ling Ling Shi,NPP,4,CA,U.S. Senate
Tulare,Kevin De Leon,DEM,"2,880",CA,U.S. Senate
Tulare,Adrienne Nicole Edwards,DEM,108,CA,U.S. Senate
Tulare,Dianne Feinstein,DEM,"6,331",CA,U.S. Senate
Tulare,Pat Harris,DEM,252,CA,U.S. Senate
Tulare,Alison Hartson,DEM,346,CA,U.S. Senate
Tulare,David Hildebrand,DEM,761,CA,U.S. Senate
Tulare,Herbert G. Peters,DEM,123,CA,U.S. Senate
Tulare,Douglas Howard Pierce,DEM,218,CA,U.S. Senate
Tulare,Gerald Plummer,DEM,99,CA,U.S. Senate
Tulare,Donnie O. Turner,DEM,96,CA,U.S. Senate
Tulare,Arun K. Bhumitra,REP,"2,723",CA,U.S. Senate
Tulare,James P Bradley,REP,"3,714",CA,U.S. Senate
Tulare,"John ""Jack"" Crew",REP,508,CA,U.S. Senate
Tulare,Erin Cruz,REP,"1,613",CA,U.S. Senate
Tulare,"Roque ""Rocky"" De La Fuente",REP,"1,364",CA,U.S. Senate
Tulare,Jerry Joseph Laws,REP,317,CA,U.S. Senate
Tulare,Patrick Little,REP,426,CA,U.S. Senate
Tulare,Kevin Mottus,REP,"1,237",CA,U.S. Senate
Tulare,Mario Nabliba,REP,252,CA,U.S. Senate
Tulare,Tom Palzer,REP,"2,596",CA,U.S. Senate
Tulare,Paul A Taylor,REP,"1,595",CA,U.S. Senate
Tulare,Derrick Michael Reid,LIB,170,CA,U.S. Senate
Tulare,John Thompson Parker,P&F,74,CA,U.S. Senate
Tulare,Colleen Shea Fernald,NPP,34,CA,U.S. Senate
Tulare,Rash Bihari Ghosh,NPP,30,CA,U.S. Senate
Tulare,Tim Gildersleeve,NPP,49,CA,U.S. Senate
Tulare,Michael Fahmy Girgis,NPP,11,CA,U.S. Senate
Tulare,Don J. Grundmann,NPP,71,CA,U.S. Senate
Tulare,Jason M. Hanania,NPP,55,CA,U.S. Senate
Tulare,David Moore,NPP,262,CA,U.S. Senate
Tulare,Lee Olson,NPP,184,CA,U.S. Senate
Tulare,Ling Ling Shi,NPP,35,CA,U.S. Senate
Tuolumne,Kevin De Leon,DEM,583,CA,U.S. Senate
Tuolumne,Adrienne Nicole Edwards,DEM,91,CA,U.S. Senate
Tuolumne,Dianne Feinstein,DEM,"3,306",CA,U.S. Senate
Tuolumne,Pat Harris,DEM,171,CA,U.S. Senate
Tuolumne,Alison Hartson,DEM,295,CA,U.S. Senate
Tuolumne,David Hildebrand,DEM,34,CA,U.S. Senate
Tuolumne,Herbert G. Peters,DEM,100,CA,U.S. Senate
Tuolumne,Douglas Howard Pierce,DEM,61,CA,U.S. Senate
Tuolumne,Gerald Plummer,DEM,17,CA,U.S. Senate
Tuolumne,Donnie O. Turner,DEM,52,CA,U.S. Senate
Tuolumne,Arun K. Bhumitra,REP,329,CA,U.S. Senate
Tuolumne,James P Bradley,REP,"1,702",CA,U.S. Senate
Tuolumne,"John ""Jack"" Crew",REP,290,CA,U.S. Senate
Tuolumne,Erin Cruz,REP,863,CA,U.S. Senate
Tuolumne,"Roque ""Rocky"" De La Fuente",REP,195,CA,U.S. Senate
Tuolumne,Jerry Joseph Laws,REP,273,CA,U.S. Senate
Tuolumne,Patrick Little,REP,153,CA,U.S. Senate
Tuolumne,Kevin Mottus,REP,235,CA,U.S. Senate
Tuolumne,Mario Nabliba,REP,42,CA,U.S. Senate
Tuolumne,Tom Palzer,REP,214,CA,U.S. Senate
Tuolumne,Paul A Taylor,REP,688,CA,U.S. Senate
Tuolumne,Derrick Michael Reid,LIB,109,CA,U.S. Senate
Tuolumne,John Thompson Parker,P&F,39,CA,U.S. Senate
Tuolumne,Colleen Shea Fernald,NPP,32,CA,U.S. Senate
Tuolumne,Rash Bihari Ghosh,NPP,10,CA,U.S. Senate
Tuolumne,Tim Gildersleeve,NPP,32,CA,U.S. Senate
Tuolumne,Michael Fahmy Girgis,NPP,6,CA,U.S. Senate
Tuolumne,Don J. Grundmann,NPP,61,CA,U.S. Senate
Tuolumne,Jason M. Hanania,NPP,23,CA,U.S. Senate
Tuolumne,David Moore,NPP,41,CA,U.S. Senate
Tuolumne,Lee Olson,NPP,29,CA,U.S. Senate
Tuolumne,Ling Ling Shi,NPP,11,CA,U.S. Senate
Ventura,Kevin De Leon,DEM,"8,669",CA,U.S. Senate
Ventura,Adrienne Nicole Edwards,DEM,928,CA,U.S. Senate
Ventura,Dianne Feinstein,DEM,"44,112",CA,U.S. Senate
Ventura,Pat Harris,DEM,"1,600",CA,U.S. Senate
Ventura,Alison Hartson,DEM,"1,921",CA,U.S. Senate
Ventura,David Hildebrand,DEM,325,CA,U.S. Senate
Ventura,Herbert G. Peters,DEM,485,CA,U.S. Senate
Ventura,Douglas Howard Pierce,DEM,301,CA,U.S. Senate
Ventura,Gerald Plummer,DEM,106,CA,U.S. Senate
Ventura,Donnie O. Turner,DEM,427,CA,U.S. Senate
Ventura,Arun K. Bhumitra,REP,"7,909",CA,U.S. Senate
Ventura,James P Bradley,REP,"12,189",CA,U.S. Senate
Ventura,"John ""Jack"" Crew",REP,"2,177",CA,U.S. Senate
Ventura,Erin Cruz,REP,"6,053",CA,U.S. Senate
Ventura,"Roque ""Rocky"" De La Fuente",REP,"2,296",CA,U.S. Senate
Ventura,Jerry Joseph Laws,REP,850,CA,U.S. Senate
Ventura,Patrick Little,REP,"1,146",CA,U.S. Senate
Ventura,Kevin Mottus,REP,"1,302",CA,U.S. Senate
Ventura,Mario Nabliba,REP,436,CA,U.S. Senate
Ventura,Tom Palzer,REP,"2,127",CA,U.S. Senate
Ventura,Paul A Taylor,REP,"7,424",CA,U.S. Senate
Ventura,Derrick Michael Reid,LIB,"1,020",CA,U.S. Senate
Ventura,John Thompson Parker,P&F,214,CA,U.S. Senate
Ventura,Colleen Shea Fernald,NPP,218,CA,U.S. Senate
Ventura,Rash Bihari Ghosh,NPP,220,CA,U.S. Senate
Ventura,Tim Gildersleeve,NPP,125,CA,U.S. Senate
Ventura,Michael Fahmy Girgis,NPP,30,CA,U.S. Senate
Ventura,Don J. Grundmann,NPP,264,CA,U.S. Senate
Ventura,Jason M. Hanania,NPP,243,CA,U.S. Senate
Ventura,David Moore,NPP,272,CA,U.S. Senate
Ventura,Lee Olson,NPP,359,CA,U.S. Senate
Ventura,Ling Ling Shi,NPP,194,CA,U.S. Senate
Yolo,Kevin De Leon,DEM,"3,658",CA,U.S. Senate
Yolo,Adrienne Nicole Edwards,DEM,206,CA,U.S. Senate
Yolo,Dianne Feinstein,DEM,"12,855",CA,U.S. Senate
Yolo,Pat Harris,DEM,458,CA,U.S. Senate
Yolo,Alison Hartson,DEM,638,CA,U.S. Senate
Yolo,David Hildebrand,DEM,102,CA,U.S. Senate
Yolo,Herbert G. Peters,DEM,170,CA,U.S. Senate
Yolo,Douglas Howard Pierce,DEM,342,CA,U.S. Senate
Yolo,Gerald Plummer,DEM,23,CA,U.S. Senate
Yolo,Donnie O. Turner,DEM,115,CA,U.S. Senate
Yolo,Arun K. Bhumitra,REP,"1,283",CA,U.S. Senate
Yolo,James P Bradley,REP,"2,184",CA,U.S. Senate
Yolo,"John ""Jack"" Crew",REP,308,CA,U.S. Senate
Yolo,Erin Cruz,REP,894,CA,U.S. Senate
Yolo,"Roque ""Rocky"" De La Fuente",REP,209,CA,U.S. Senate
Yolo,Jerry Joseph Laws,REP,312,CA,U.S. Senate
Yolo,Patrick Little,REP,294,CA,U.S. Senate
Yolo,Kevin Mottus,REP,219,CA,U.S. Senate
Yolo,Mario Nabliba,REP,74,CA,U.S. Senate
Yolo,Tom Palzer,REP,300,CA,U.S. Senate
Yolo,Paul A Taylor,REP,774,CA,U.S. Senate
Yolo,Derrick Michael Reid,LIB,238,CA,U.S. Senate
Yolo,John Thompson Parker,P&F,101,CA,U.S. Senate
Yolo,Colleen Shea Fernald,NPP,41,CA,U.S. Senate
Yolo,Rash Bihari Ghosh,NPP,123,CA,U.S. Senate
Yolo,Tim Gildersleeve,NPP,37,CA,U.S. Senate
Yolo,Michael Fahmy Girgis,NPP,9,CA,U.S. Senate
Yolo,Don J. Grundmann,NPP,62,CA,U.S. Senate
Yolo,Jason M. Hanania,NPP,46,CA,U.S. Senate
Yolo,David Moore,NPP,51,CA,U.S. Senate
Yolo,Lee Olson,NPP,61,CA,U.S. Senate
Yolo,Ling Ling Shi,NPP,56,CA,U.S. Senate
Yuba,Kevin De Leon,DEM,287,CA,U.S. Senate
Yuba,Adrienne Nicole Edwards,DEM,31,CA,U.S. Senate
Yuba,Dianne Feinstein,DEM,"1,562",CA,U.S. Senate
Yuba,Pat Harris,DEM,68,CA,U.S. Senate
Yuba,Alison Hartson,DEM,112,CA,U.S. Senate
Yuba,David Hildebrand,DEM,24,CA,U.S. Senate
Yuba,Herbert G. Peters,DEM,53,CA,U.S. Senate
Yuba,Douglas Howard Pierce,DEM,116,CA,U.S. Senate
Yuba,Gerald Plummer,DEM,7,CA,U.S. Senate
Yuba,Donnie O. Turner,DEM,32,CA,U.S. Senate
Yuba,Arun K. Bhumitra,REP,553,CA,U.S. Senate
Yuba,James P Bradley,REP,"1,367",CA,U.S. Senate
Yuba,"John ""Jack"" Crew",REP,249,CA,U.S. Senate
Yuba,Erin Cruz,REP,524,CA,U.S. Senate
Yuba,"Roque ""Rocky"" De La Fuente",REP,98,CA,U.S. Senate
Yuba,Jerry Joseph Laws,REP,114,CA,U.S. Senate
Yuba,Patrick Little,REP,177,CA,U.S. Senate
Yuba,Kevin Mottus,REP,162,CA,U.S. Senate
Yuba,Mario Nabliba,REP,24,CA,U.S. Senate
Yuba,Tom Palzer,REP,133,CA,U.S. Senate
Yuba,Paul A Taylor,REP,355,CA,U.S. Senate
Yuba,Derrick Michael Reid,LIB,110,CA,U.S. Senate
Yuba,John Thompson Parker,P&F,51,CA,U.S. Senate
Yuba,Colleen Shea Fernald,NPP,12,CA,U.S. Senate
Yuba,Rash Bihari Ghosh,NPP,10,CA,U.S. Senate
Yuba,Tim Gildersleeve,NPP,27,CA,U.S. Senate
Yuba,Michael Fahmy Girgis,NPP,3,CA,U.S. Senate
Yuba,Don J. Grundmann,NPP,34,CA,U.S. Senate
Yuba,Jason M. Hanania,NPP,17,CA,U.S. Senate
Yuba,David Moore,NPP,20,CA,U.S. Senate
Yuba,Lee Olson,NPP,12,CA,U.S. Senate
Yuba,Ling Ling Shi,NPP,11,CA,U.S. Senate
