"","JurisdictionID","JurisContainerID","JurisName","EISCandidateID","CandidateName","EISContestID","ContestName","PrecinctName","Registration","EISPartyID","PartyName","VoteCount"
"1",103,0,"CITY OF AURORA",0,"",0,"","WARD 9 PRECINCT 4",0,0,"",168
"2",103,0,"CITY OF AURORA",0,"",0,"","WARD 9 PRECINCT 5",0,0,"",163
"3",103,0,"CITY OF AURORA",0,"",0,"","WARD 9 PRECINCT 6",0,0,"",149
"4",103,0,"CITY OF AURORA",0,"",0,"","WARD 9 PRECINCT 7",0,0,"",225
"5",103,0,"CITY OF AURORA",0,"",0,"","WARD 9 PRECINCT 8",0,0,"",200
"6",103,0,"CITY OF AURORA",0,"",0,"","WARD 9 PRECINCT 9",0,0,"",201
"7",103,0,"CITY OF AURORA",0,"",0,"","WARD 9 PRECINCT 10",0,0,"",90
"8",103,0,"CITY OF AURORA",110,"JB PRITZKER",180,"GOVERNOR AND LIEUTENANT GOVERNOR","WARD 9 PRECINCT 4",0,11,"DEMOCRATIC",46
"9",103,0,"CITY OF AURORA",110,"JB PRITZKER",180,"GOVERNOR AND LIEUTENANT GOVERNOR","WARD 9 PRECINCT 5",0,11,"DEMOCRATIC",55
"10",103,0,"CITY OF AURORA",110,"JB PRITZKER",180,"GOVERNOR AND LIEUTENANT GOVERNOR","WARD 9 PRECINCT 6",0,11,"DEMOCRATIC",55
"11",103,0,"CITY OF AURORA",110,"JB PRITZKER",180,"GOVERNOR AND LIEUTENANT GOVERNOR","WARD 9 PRECINCT 7",0,11,"DEMOCRATIC",54
"12",103,0,"CITY OF AURORA",110,"JB PRITZKER",180,"GOVERNOR AND LIEUTENANT GOVERNOR","WARD 9 PRECINCT 8",0,11,"DEMOCRATIC",56
"13",103,0,"CITY OF AURORA",110,"JB PRITZKER",180,"GOVERNOR AND LIEUTENANT GOVERNOR","WARD 9 PRECINCT 9",0,11,"DEMOCRATIC",50
"14",103,0,"CITY OF AURORA",110,"JB PRITZKER",180,"GOVERNOR AND LIEUTENANT GOVERNOR","WARD 9 PRECINCT 10",0,11,"DEMOCRATIC",23
"15",103,0,"CITY OF AURORA",115,"CHRIS KENNEDY",180,"GOVERNOR AND LIEUTENANT GOVERNOR","WARD 9 PRECINCT 4",0,11,"DEMOCRATIC",28
"16",103,0,"CITY OF AURORA",115,"CHRIS KENNEDY",180,"GOVERNOR AND LIEUTENANT GOVERNOR","WARD 9 PRECINCT 5",0,11,"DEMOCRATIC",25
"17",103,0,"CITY OF AURORA",115,"CHRIS KENNEDY",180,"GOVERNOR AND LIEUTENANT GOVERNOR","WARD 9 PRECINCT 6",0,11,"DEMOCRATIC",17
"18",103,0,"CITY OF AURORA",115,"CHRIS KENNEDY",180,"GOVERNOR AND LIEUTENANT GOVERNOR","WARD 9 PRECINCT 7",0,11,"DEMOCRATIC",42
"19",103,0,"CITY OF AURORA",115,"CHRIS KENNEDY",180,"GOVERNOR AND LIEUTENANT GOVERNOR","WARD 9 PRECINCT 8",0,11,"DEMOCRATIC",43
"20",103,0,"CITY OF AURORA",115,"CHRIS KENNEDY",180,"GOVERNOR AND LIEUTENANT GOVERNOR","WARD 9 PRECINCT 9",0,11,"DEMOCRATIC",24
"21",103,0,"CITY OF AURORA",115,"CHRIS KENNEDY",180,"GOVERNOR AND LIEUTENANT GOVERNOR","WARD 9 PRECINCT 10",0,11,"DEMOCRATIC",11
"22",103,0,"CITY OF AURORA",120,"DANIEL BISS",180,"GOVERNOR AND LIEUTENANT GOVERNOR","WARD 9 PRECINCT 4",0,11,"DEMOCRATIC",45
"23",103,0,"CITY OF AURORA",120,"DANIEL BISS",180,"GOVERNOR AND LIEUTENANT GOVERNOR","WARD 9 PRECINCT 5",0,11,"DEMOCRATIC",29
"24",103,0,"CITY OF AURORA",120,"DANIEL BISS",180,"GOVERNOR AND LIEUTENANT GOVERNOR","WARD 9 PRECINCT 6",0,11,"DEMOCRATIC",40
"25",103,0,"CITY OF AURORA",120,"DANIEL BISS",180,"GOVERNOR AND LIEUTENANT GOVERNOR","WARD 9 PRECINCT 7",0,11,"DEMOCRATIC",67
"26",103,0,"CITY OF AURORA",120,"DANIEL BISS",180,"GOVERNOR AND LIEUTENANT GOVERNOR","WARD 9 PRECINCT 8",0,11,"DEMOCRATIC",59
"27",103,0,"CITY OF AURORA",120,"DANIEL BISS",180,"GOVERNOR AND LIEUTENANT GOVERNOR","WARD 9 PRECINCT 9",0,11,"DEMOCRATIC",44
"28",103,0,"CITY OF AURORA",120,"DANIEL BISS",180,"GOVERNOR AND LIEUTENANT GOVERNOR","WARD 9 PRECINCT 10",0,11,"DEMOCRATIC",26
"29",103,0,"CITY OF AURORA",130,"BOB DAIBER",180,"GOVERNOR AND LIEUTENANT GOVERNOR","WARD 9 PRECINCT 4",0,11,"DEMOCRATIC",0
"30",103,0,"CITY OF AURORA",130,"BOB DAIBER",180,"GOVERNOR AND LIEUTENANT GOVERNOR","WARD 9 PRECINCT 5",0,11,"DEMOCRATIC",0
"31",103,0,"CITY OF AURORA",130,"BOB DAIBER",180,"GOVERNOR AND LIEUTENANT GOVERNOR","WARD 9 PRECINCT 6",0,11,"DEMOCRATIC",1
"32",103,0,"CITY OF AURORA",130,"BOB DAIBER",180,"GOVERNOR AND LIEUTENANT GOVERNOR","WARD 9 PRECINCT 7",0,11,"DEMOCRATIC",0
"33",103,0,"CITY OF AURORA",130,"BOB DAIBER",180,"GOVERNOR AND LIEUTENANT GOVERNOR","WARD 9 PRECINCT 8",0,11,"DEMOCRATIC",0
"34",103,0,"CITY OF AURORA",130,"BOB DAIBER",180,"GOVERNOR AND LIEUTENANT GOVERNOR","WARD 9 PRECINCT 9",0,11,"DEMOCRATIC",2
"35",103,0,"CITY OF AURORA",130,"BOB DAIBER",180,"GOVERNOR AND LIEUTENANT GOVERNOR","WARD 9 PRECINCT 10",0,11,"DEMOCRATIC",0
"36",103,0,"CITY OF AURORA",135,"TIO HARDIMAN",180,"GOVERNOR AND LIEUTENANT GOVERNOR","WARD 9 PRECINCT 4",0,11,"DEMOCRATIC",0
"37",103,0,"CITY OF AURORA",135,"TIO HARDIMAN",180,"GOVERNOR AND LIEUTENANT GOVERNOR","WARD 9 PRECINCT 5",0,11,"DEMOCRATIC",0
"38",103,0,"CITY OF AURORA",135,"TIO HARDIMAN",180,"GOVERNOR AND LIEUTENANT GOVERNOR","WARD 9 PRECINCT 6",0,11,"DEMOCRATIC",2
"39",103,0,"CITY OF AURORA",135,"TIO HARDIMAN",180,"GOVERNOR AND LIEUTENANT GOVERNOR","WARD 9 PRECINCT 7",0,11,"DEMOCRATIC",0
"40",103,0,"CITY OF AURORA",135,"TIO HARDIMAN",180,"GOVERNOR AND LIEUTENANT GOVERNOR","WARD 9 PRECINCT 8",0,11,"DEMOCRATIC",1
"41",103,0,"CITY OF AURORA",135,"TIO HARDIMAN",180,"GOVERNOR AND LIEUTENANT GOVERNOR","WARD 9 PRECINCT 9",0,11,"DEMOCRATIC",0
"42",103,0,"CITY OF AURORA",135,"TIO HARDIMAN",180,"GOVERNOR AND LIEUTENANT GOVERNOR","WARD 9 PRECINCT 10",0,11,"DEMOCRATIC",1
"43",103,0,"CITY OF AURORA",140,"ROBERT MARSHALL",180,"GOVERNOR AND LIEUTENANT GOVERNOR","WARD 9 PRECINCT 4",0,11,"DEMOCRATIC",0
"44",103,0,"CITY OF AURORA",140,"ROBERT MARSHALL",180,"GOVERNOR AND LIEUTENANT GOVERNOR","WARD 9 PRECINCT 5",0,11,"DEMOCRATIC",1
"45",103,0,"CITY OF AURORA",140,"ROBERT MARSHALL",180,"GOVERNOR AND LIEUTENANT GOVERNOR","WARD 9 PRECINCT 6",0,11,"DEMOCRATIC",0
"46",103,0,"CITY OF AURORA",140,"ROBERT MARSHALL",180,"GOVERNOR AND LIEUTENANT GOVERNOR","WARD 9 PRECINCT 7",0,11,"DEMOCRATIC",0
"47",103,0,"CITY OF AURORA",140,"ROBERT MARSHALL",180,"GOVERNOR AND LIEUTENANT GOVERNOR","WARD 9 PRECINCT 8",0,11,"DEMOCRATIC",1
"48",103,0,"CITY OF AURORA",140,"ROBERT MARSHALL",180,"GOVERNOR AND LIEUTENANT GOVERNOR","WARD 9 PRECINCT 9",0,11,"DEMOCRATIC",0
"49",103,0,"CITY OF AURORA",140,"ROBERT MARSHALL",180,"GOVERNOR AND LIEUTENANT GOVERNOR","WARD 9 PRECINCT 10",0,11,"DEMOCRATIC",0
"50",103,0,"CITY OF AURORA",155,"PAT QUINN",190,"ATTORNEY GENERAL","WARD 9 PRECINCT 4",0,11,"DEMOCRATIC",31
"51",103,0,"CITY OF AURORA",155,"PAT QUINN",190,"ATTORNEY GENERAL","WARD 9 PRECINCT 5",0,11,"DEMOCRATIC",21
"52",103,0,"CITY OF AURORA",155,"PAT QUINN",190,"ATTORNEY GENERAL","WARD 9 PRECINCT 6",0,11,"DEMOCRATIC",25
"53",103,0,"CITY OF AURORA",155,"PAT QUINN",190,"ATTORNEY GENERAL","WARD 9 PRECINCT 7",0,11,"DEMOCRATIC",30
"54",103,0,"CITY OF AURORA",155,"PAT QUINN",190,"ATTORNEY GENERAL","WARD 9 PRECINCT 8",0,11,"DEMOCRATIC",30
"55",103,0,"CITY OF AURORA",155,"PAT QUINN",190,"ATTORNEY GENERAL","WARD 9 PRECINCT 9",0,11,"DEMOCRATIC",28
"56",103,0,"CITY OF AURORA",155,"PAT QUINN",190,"ATTORNEY GENERAL","WARD 9 PRECINCT 10",0,11,"DEMOCRATIC",15
"57",103,0,"CITY OF AURORA",160,"RENATO MARIOTTI",190,"ATTORNEY GENERAL","WARD 9 PRECINCT 4",0,11,"DEMOCRATIC",4
"58",103,0,"CITY OF AURORA",160,"RENATO MARIOTTI",190,"ATTORNEY GENERAL","WARD 9 PRECINCT 5",0,11,"DEMOCRATIC",5
"59",103,0,"CITY OF AURORA",160,"RENATO MARIOTTI",190,"ATTORNEY GENERAL","WARD 9 PRECINCT 6",0,11,"DEMOCRATIC",4
"60",103,0,"CITY OF AURORA",160,"RENATO MARIOTTI",190,"ATTORNEY GENERAL","WARD 9 PRECINCT 7",0,11,"DEMOCRATIC",7
"61",103,0,"CITY OF AURORA",160,"RENATO MARIOTTI",190,"ATTORNEY GENERAL","WARD 9 PRECINCT 8",0,11,"DEMOCRATIC",6
"62",103,0,"CITY OF AURORA",160,"RENATO MARIOTTI",190,"ATTORNEY GENERAL","WARD 9 PRECINCT 9",0,11,"DEMOCRATIC",3
"63",103,0,"CITY OF AURORA",160,"RENATO MARIOTTI",190,"ATTORNEY GENERAL","WARD 9 PRECINCT 10",0,11,"DEMOCRATIC",2
"64",103,0,"CITY OF AURORA",170,"NANCY ROTERING",190,"ATTORNEY GENERAL","WARD 9 PRECINCT 4",0,11,"DEMOCRATIC",18
"65",103,0,"CITY OF AURORA",170,"NANCY ROTERING",190,"ATTORNEY GENERAL","WARD 9 PRECINCT 5",0,11,"DEMOCRATIC",12
"66",103,0,"CITY OF AURORA",170,"NANCY ROTERING",190,"ATTORNEY GENERAL","WARD 9 PRECINCT 6",0,11,"DEMOCRATIC",12
"67",103,0,"CITY OF AURORA",170,"NANCY ROTERING",190,"ATTORNEY GENERAL","WARD 9 PRECINCT 7",0,11,"DEMOCRATIC",18
"68",103,0,"CITY OF AURORA",170,"NANCY ROTERING",190,"ATTORNEY GENERAL","WARD 9 PRECINCT 8",0,11,"DEMOCRATIC",16
"69",103,0,"CITY OF AURORA",170,"NANCY ROTERING",190,"ATTORNEY GENERAL","WARD 9 PRECINCT 9",0,11,"DEMOCRATIC",17
"70",103,0,"CITY OF AURORA",170,"NANCY ROTERING",190,"ATTORNEY GENERAL","WARD 9 PRECINCT 10",0,11,"DEMOCRATIC",4
"71",103,0,"CITY OF AURORA",175,"KWAME RAOUL",190,"ATTORNEY GENERAL","WARD 9 PRECINCT 4",0,11,"DEMOCRATIC",33
"72",103,0,"CITY OF AURORA",175,"KWAME RAOUL",190,"ATTORNEY GENERAL","WARD 9 PRECINCT 5",0,11,"DEMOCRATIC",47
"73",103,0,"CITY OF AURORA",175,"KWAME RAOUL",190,"ATTORNEY GENERAL","WARD 9 PRECINCT 6",0,11,"DEMOCRATIC",40
"74",103,0,"CITY OF AURORA",175,"KWAME RAOUL",190,"ATTORNEY GENERAL","WARD 9 PRECINCT 7",0,11,"DEMOCRATIC",43
"75",103,0,"CITY OF AURORA",175,"KWAME RAOUL",190,"ATTORNEY GENERAL","WARD 9 PRECINCT 8",0,11,"DEMOCRATIC",59
"76",103,0,"CITY OF AURORA",175,"KWAME RAOUL",190,"ATTORNEY GENERAL","WARD 9 PRECINCT 9",0,11,"DEMOCRATIC",39
"77",103,0,"CITY OF AURORA",175,"KWAME RAOUL",190,"ATTORNEY GENERAL","WARD 9 PRECINCT 10",0,11,"DEMOCRATIC",26
"78",103,0,"CITY OF AURORA",180,"JESSE RUIZ",190,"ATTORNEY GENERAL","WARD 9 PRECINCT 4",0,11,"DEMOCRATIC",2
"79",103,0,"CITY OF AURORA",180,"JESSE RUIZ",190,"ATTORNEY GENERAL","WARD 9 PRECINCT 5",0,11,"DEMOCRATIC",4
"80",103,0,"CITY OF AURORA",180,"JESSE RUIZ",190,"ATTORNEY GENERAL","WARD 9 PRECINCT 6",0,11,"DEMOCRATIC",8
"81",103,0,"CITY OF AURORA",180,"JESSE RUIZ",190,"ATTORNEY GENERAL","WARD 9 PRECINCT 7",0,11,"DEMOCRATIC",10
"82",103,0,"CITY OF AURORA",180,"JESSE RUIZ",190,"ATTORNEY GENERAL","WARD 9 PRECINCT 8",0,11,"DEMOCRATIC",7
"83",103,0,"CITY OF AURORA",180,"JESSE RUIZ",190,"ATTORNEY GENERAL","WARD 9 PRECINCT 9",0,11,"DEMOCRATIC",2
"84",103,0,"CITY OF AURORA",180,"JESSE RUIZ",190,"ATTORNEY GENERAL","WARD 9 PRECINCT 10",0,11,"DEMOCRATIC",3
"85",103,0,"CITY OF AURORA",185,"SHARON FAIRLEY",190,"ATTORNEY GENERAL","WARD 9 PRECINCT 4",0,11,"DEMOCRATIC",21
"86",103,0,"CITY OF AURORA",185,"SHARON FAIRLEY",190,"ATTORNEY GENERAL","WARD 9 PRECINCT 5",0,11,"DEMOCRATIC",9
"87",103,0,"CITY OF AURORA",185,"SHARON FAIRLEY",190,"ATTORNEY GENERAL","WARD 9 PRECINCT 6",0,11,"DEMOCRATIC",11
"88",103,0,"CITY OF AURORA",185,"SHARON FAIRLEY",190,"ATTORNEY GENERAL","WARD 9 PRECINCT 7",0,11,"DEMOCRATIC",28
"89",103,0,"CITY OF AURORA",185,"SHARON FAIRLEY",190,"ATTORNEY GENERAL","WARD 9 PRECINCT 8",0,11,"DEMOCRATIC",24
"90",103,0,"CITY OF AURORA",185,"SHARON FAIRLEY",190,"ATTORNEY GENERAL","WARD 9 PRECINCT 9",0,11,"DEMOCRATIC",13
"91",103,0,"CITY OF AURORA",185,"SHARON FAIRLEY",190,"ATTORNEY GENERAL","WARD 9 PRECINCT 10",0,11,"DEMOCRATIC",2
"92",103,0,"CITY OF AURORA",190,"AARON GOLDSTEIN",190,"ATTORNEY GENERAL","WARD 9 PRECINCT 4",0,11,"DEMOCRATIC",1
"93",103,0,"CITY OF AURORA",190,"AARON GOLDSTEIN",190,"ATTORNEY GENERAL","WARD 9 PRECINCT 5",0,11,"DEMOCRATIC",4
"94",103,0,"CITY OF AURORA",190,"AARON GOLDSTEIN",190,"ATTORNEY GENERAL","WARD 9 PRECINCT 6",0,11,"DEMOCRATIC",5
"95",103,0,"CITY OF AURORA",190,"AARON GOLDSTEIN",190,"ATTORNEY GENERAL","WARD 9 PRECINCT 7",0,11,"DEMOCRATIC",6
"96",103,0,"CITY OF AURORA",190,"AARON GOLDSTEIN",190,"ATTORNEY GENERAL","WARD 9 PRECINCT 8",0,11,"DEMOCRATIC",5
"97",103,0,"CITY OF AURORA",190,"AARON GOLDSTEIN",190,"ATTORNEY GENERAL","WARD 9 PRECINCT 9",0,11,"DEMOCRATIC",5
"98",103,0,"CITY OF AURORA",190,"AARON GOLDSTEIN",190,"ATTORNEY GENERAL","WARD 9 PRECINCT 10",0,11,"DEMOCRATIC",1
"99",103,0,"CITY OF AURORA",200,"JESSE WHITE",200,"SECRETARY OF STATE","WARD 9 PRECINCT 4",0,11,"DEMOCRATIC",116
"100",103,0,"CITY OF AURORA",200,"JESSE WHITE",200,"SECRETARY OF STATE","WARD 9 PRECINCT 5",0,11,"DEMOCRATIC",106
"101",103,0,"CITY OF AURORA",200,"JESSE WHITE",200,"SECRETARY OF STATE","WARD 9 PRECINCT 6",0,11,"DEMOCRATIC",113
"102",103,0,"CITY OF AURORA",200,"JESSE WHITE",200,"SECRETARY OF STATE","WARD 9 PRECINCT 7",0,11,"DEMOCRATIC",153
"103",103,0,"CITY OF AURORA",200,"JESSE WHITE",200,"SECRETARY OF STATE","WARD 9 PRECINCT 8",0,11,"DEMOCRATIC",157
"104",103,0,"CITY OF AURORA",200,"JESSE WHITE",200,"SECRETARY OF STATE","WARD 9 PRECINCT 9",0,11,"DEMOCRATIC",115
"105",103,0,"CITY OF AURORA",200,"JESSE WHITE",200,"SECRETARY OF STATE","WARD 9 PRECINCT 10",0,11,"DEMOCRATIC",55
"106",103,0,"CITY OF AURORA",215,"SUSANA A. MENDOZA",210,"COMPTROLLER","WARD 9 PRECINCT 4",0,11,"DEMOCRATIC",112
"107",103,0,"CITY OF AURORA",215,"SUSANA A. MENDOZA",210,"COMPTROLLER","WARD 9 PRECINCT 5",0,11,"DEMOCRATIC",103
"108",103,0,"CITY OF AURORA",215,"SUSANA A. MENDOZA",210,"COMPTROLLER","WARD 9 PRECINCT 6",0,11,"DEMOCRATIC",106
"109",103,0,"CITY OF AURORA",215,"SUSANA A. MENDOZA",210,"COMPTROLLER","WARD 9 PRECINCT 7",0,11,"DEMOCRATIC",144
"110",103,0,"CITY OF AURORA",215,"SUSANA A. MENDOZA",210,"COMPTROLLER","WARD 9 PRECINCT 8",0,11,"DEMOCRATIC",147
"111",103,0,"CITY OF AURORA",215,"SUSANA A. MENDOZA",210,"COMPTROLLER","WARD 9 PRECINCT 9",0,11,"DEMOCRATIC",109
"112",103,0,"CITY OF AURORA",215,"SUSANA A. MENDOZA",210,"COMPTROLLER","WARD 9 PRECINCT 10",0,11,"DEMOCRATIC",54
"113",103,0,"CITY OF AURORA",225,"MICHAEL W. FRERICHS",220,"TREASURER","WARD 9 PRECINCT 4",0,11,"DEMOCRATIC",109
"114",103,0,"CITY OF AURORA",225,"MICHAEL W. FRERICHS",220,"TREASURER","WARD 9 PRECINCT 5",0,11,"DEMOCRATIC",100
"115",103,0,"CITY OF AURORA",225,"MICHAEL W. FRERICHS",220,"TREASURER","WARD 9 PRECINCT 6",0,11,"DEMOCRATIC",101
"116",103,0,"CITY OF AURORA",225,"MICHAEL W. FRERICHS",220,"TREASURER","WARD 9 PRECINCT 7",0,11,"DEMOCRATIC",140
"117",103,0,"CITY OF AURORA",225,"MICHAEL W. FRERICHS",220,"TREASURER","WARD 9 PRECINCT 8",0,11,"DEMOCRATIC",143
"118",103,0,"CITY OF AURORA",225,"MICHAEL W. FRERICHS",220,"TREASURER","WARD 9 PRECINCT 9",0,11,"DEMOCRATIC",105
"119",103,0,"CITY OF AURORA",225,"MICHAEL W. FRERICHS",220,"TREASURER","WARD 9 PRECINCT 10",0,11,"DEMOCRATIC",48
"120",103,0,"CITY OF AURORA",575,"VICTOR SWANSON",380,"14TH CONGRESS","WARD 9 PRECINCT 4",0,11,"DEMOCRATIC",8
"121",103,0,"CITY OF AURORA",575,"VICTOR SWANSON",380,"14TH CONGRESS","WARD 9 PRECINCT 5",0,11,"DEMOCRATIC",3
"122",103,0,"CITY OF AURORA",575,"VICTOR SWANSON",380,"14TH CONGRESS","WARD 9 PRECINCT 6",0,11,"DEMOCRATIC",3
"123",103,0,"CITY OF AURORA",575,"VICTOR SWANSON",380,"14TH CONGRESS","WARD 9 PRECINCT 7",0,11,"DEMOCRATIC",14
"124",103,0,"CITY OF AURORA",575,"VICTOR SWANSON",380,"14TH CONGRESS","WARD 9 PRECINCT 8",0,11,"DEMOCRATIC",7
"125",103,0,"CITY OF AURORA",575,"VICTOR SWANSON",380,"14TH CONGRESS","WARD 9 PRECINCT 9",0,11,"DEMOCRATIC",9
"126",103,0,"CITY OF AURORA",575,"VICTOR SWANSON",380,"14TH CONGRESS","WARD 9 PRECINCT 10",0,11,"DEMOCRATIC",7
"127",103,0,"CITY OF AURORA",580,"JOHN J. HOSTA",380,"14TH CONGRESS","WARD 9 PRECINCT 4",0,11,"DEMOCRATIC",2
"128",103,0,"CITY OF AURORA",580,"JOHN J. HOSTA",380,"14TH CONGRESS","WARD 9 PRECINCT 5",0,11,"DEMOCRATIC",5
"129",103,0,"CITY OF AURORA",580,"JOHN J. HOSTA",380,"14TH CONGRESS","WARD 9 PRECINCT 6",0,11,"DEMOCRATIC",10
"130",103,0,"CITY OF AURORA",580,"JOHN J. HOSTA",380,"14TH CONGRESS","WARD 9 PRECINCT 7",0,11,"DEMOCRATIC",9
"131",103,0,"CITY OF AURORA",580,"JOHN J. HOSTA",380,"14TH CONGRESS","WARD 9 PRECINCT 8",0,11,"DEMOCRATIC",8
"132",103,0,"CITY OF AURORA",580,"JOHN J. HOSTA",380,"14TH CONGRESS","WARD 9 PRECINCT 9",0,11,"DEMOCRATIC",5
"133",103,0,"CITY OF AURORA",580,"JOHN J. HOSTA",380,"14TH CONGRESS","WARD 9 PRECINCT 10",0,11,"DEMOCRATIC",4
"134",103,0,"CITY OF AURORA",585,"MATTHEW BROLLEY",380,"14TH CONGRESS","WARD 9 PRECINCT 4",0,11,"DEMOCRATIC",15
"135",103,0,"CITY OF AURORA",585,"MATTHEW BROLLEY",380,"14TH CONGRESS","WARD 9 PRECINCT 5",0,11,"DEMOCRATIC",15
"136",103,0,"CITY OF AURORA",585,"MATTHEW BROLLEY",380,"14TH CONGRESS","WARD 9 PRECINCT 6",0,11,"DEMOCRATIC",17
"137",103,0,"CITY OF AURORA",585,"MATTHEW BROLLEY",380,"14TH CONGRESS","WARD 9 PRECINCT 7",0,11,"DEMOCRATIC",15
"138",103,0,"CITY OF AURORA",585,"MATTHEW BROLLEY",380,"14TH CONGRESS","WARD 9 PRECINCT 8",0,11,"DEMOCRATIC",34
"139",103,0,"CITY OF AURORA",585,"MATTHEW BROLLEY",380,"14TH CONGRESS","WARD 9 PRECINCT 9",0,11,"DEMOCRATIC",20
"140",103,0,"CITY OF AURORA",585,"MATTHEW BROLLEY",380,"14TH CONGRESS","WARD 9 PRECINCT 10",0,11,"DEMOCRATIC",6
"141",103,0,"CITY OF AURORA",590,"GEORGE WEBER",380,"14TH CONGRESS","WARD 9 PRECINCT 4",0,11,"DEMOCRATIC",4
"142",103,0,"CITY OF AURORA",590,"GEORGE WEBER",380,"14TH CONGRESS","WARD 9 PRECINCT 5",0,11,"DEMOCRATIC",6
"143",103,0,"CITY OF AURORA",590,"GEORGE WEBER",380,"14TH CONGRESS","WARD 9 PRECINCT 6",0,11,"DEMOCRATIC",7
"144",103,0,"CITY OF AURORA",590,"GEORGE WEBER",380,"14TH CONGRESS","WARD 9 PRECINCT 7",0,11,"DEMOCRATIC",3
"145",103,0,"CITY OF AURORA",590,"GEORGE WEBER",380,"14TH CONGRESS","WARD 9 PRECINCT 8",0,11,"DEMOCRATIC",4
"146",103,0,"CITY OF AURORA",590,"GEORGE WEBER",380,"14TH CONGRESS","WARD 9 PRECINCT 9",0,11,"DEMOCRATIC",5
"147",103,0,"CITY OF AURORA",590,"GEORGE WEBER",380,"14TH CONGRESS","WARD 9 PRECINCT 10",0,11,"DEMOCRATIC",1
"148",103,0,"CITY OF AURORA",595,"LAUREN UNDERWOOD",380,"14TH CONGRESS","WARD 9 PRECINCT 4",0,11,"DEMOCRATIC",75
"149",103,0,"CITY OF AURORA",595,"LAUREN UNDERWOOD",380,"14TH CONGRESS","WARD 9 PRECINCT 5",0,11,"DEMOCRATIC",69
"150",103,0,"CITY OF AURORA",595,"LAUREN UNDERWOOD",380,"14TH CONGRESS","WARD 9 PRECINCT 6",0,11,"DEMOCRATIC",51
"151",103,0,"CITY OF AURORA",595,"LAUREN UNDERWOOD",380,"14TH CONGRESS","WARD 9 PRECINCT 7",0,11,"DEMOCRATIC",101
"152",103,0,"CITY OF AURORA",595,"LAUREN UNDERWOOD",380,"14TH CONGRESS","WARD 9 PRECINCT 8",0,11,"DEMOCRATIC",87
"153",103,0,"CITY OF AURORA",595,"LAUREN UNDERWOOD",380,"14TH CONGRESS","WARD 9 PRECINCT 9",0,11,"DEMOCRATIC",63
"154",103,0,"CITY OF AURORA",595,"LAUREN UNDERWOOD",380,"14TH CONGRESS","WARD 9 PRECINCT 10",0,11,"DEMOCRATIC",38
"155",103,0,"CITY OF AURORA",600,"JIM WALZ",380,"14TH CONGRESS","WARD 9 PRECINCT 4",0,11,"DEMOCRATIC",3
"156",103,0,"CITY OF AURORA",600,"JIM WALZ",380,"14TH CONGRESS","WARD 9 PRECINCT 5",0,11,"DEMOCRATIC",5
"157",103,0,"CITY OF AURORA",600,"JIM WALZ",380,"14TH CONGRESS","WARD 9 PRECINCT 6",0,11,"DEMOCRATIC",11
"158",103,0,"CITY OF AURORA",600,"JIM WALZ",380,"14TH CONGRESS","WARD 9 PRECINCT 7",0,11,"DEMOCRATIC",10
"159",103,0,"CITY OF AURORA",600,"JIM WALZ",380,"14TH CONGRESS","WARD 9 PRECINCT 8",0,11,"DEMOCRATIC",4
"160",103,0,"CITY OF AURORA",600,"JIM WALZ",380,"14TH CONGRESS","WARD 9 PRECINCT 9",0,11,"DEMOCRATIC",9
"161",103,0,"CITY OF AURORA",600,"JIM WALZ",380,"14TH CONGRESS","WARD 9 PRECINCT 10",0,11,"DEMOCRATIC",0
"162",103,0,"CITY OF AURORA",605,"DANIEL ROLDAN-JOHNSON",380,"14TH CONGRESS","WARD 9 PRECINCT 4",0,11,"DEMOCRATIC",9
"163",103,0,"CITY OF AURORA",605,"DANIEL ROLDAN-JOHNSON",380,"14TH CONGRESS","WARD 9 PRECINCT 5",0,11,"DEMOCRATIC",2
"164",103,0,"CITY OF AURORA",605,"DANIEL ROLDAN-JOHNSON",380,"14TH CONGRESS","WARD 9 PRECINCT 6",0,11,"DEMOCRATIC",3
"165",103,0,"CITY OF AURORA",605,"DANIEL ROLDAN-JOHNSON",380,"14TH CONGRESS","WARD 9 PRECINCT 7",0,11,"DEMOCRATIC",2
"166",103,0,"CITY OF AURORA",605,"DANIEL ROLDAN-JOHNSON",380,"14TH CONGRESS","WARD 9 PRECINCT 8",0,11,"DEMOCRATIC",4
"167",103,0,"CITY OF AURORA",605,"DANIEL ROLDAN-JOHNSON",380,"14TH CONGRESS","WARD 9 PRECINCT 9",0,11,"DEMOCRATIC",2
"168",103,0,"CITY OF AURORA",605,"DANIEL ROLDAN-JOHNSON",380,"14TH CONGRESS","WARD 9 PRECINCT 10",0,11,"DEMOCRATIC",2
"169",103,0,"CITY OF AURORA",915,"KRISTINA ZAHORIK",676,"14TH STATE CENTRAL COMMITTEEWOMAN","WARD 9 PRECINCT 4",0,11,"DEMOCRATIC",48
"170",103,0,"CITY OF AURORA",915,"KRISTINA ZAHORIK",676,"14TH STATE CENTRAL COMMITTEEWOMAN","WARD 9 PRECINCT 5",0,11,"DEMOCRATIC",43
"171",103,0,"CITY OF AURORA",915,"KRISTINA ZAHORIK",676,"14TH STATE CENTRAL COMMITTEEWOMAN","WARD 9 PRECINCT 6",0,11,"DEMOCRATIC",63
"172",103,0,"CITY OF AURORA",915,"KRISTINA ZAHORIK",676,"14TH STATE CENTRAL COMMITTEEWOMAN","WARD 9 PRECINCT 7",0,11,"DEMOCRATIC",75
"173",103,0,"CITY OF AURORA",915,"KRISTINA ZAHORIK",676,"14TH STATE CENTRAL COMMITTEEWOMAN","WARD 9 PRECINCT 8",0,11,"DEMOCRATIC",68
"174",103,0,"CITY OF AURORA",915,"KRISTINA ZAHORIK",676,"14TH STATE CENTRAL COMMITTEEWOMAN","WARD 9 PRECINCT 9",0,11,"DEMOCRATIC",45
"175",103,0,"CITY OF AURORA",915,"KRISTINA ZAHORIK",676,"14TH STATE CENTRAL COMMITTEEWOMAN","WARD 9 PRECINCT 10",0,11,"DEMOCRATIC",26
"176",103,0,"CITY OF AURORA",920,"ALISON SQUIRES",676,"14TH STATE CENTRAL COMMITTEEWOMAN","WARD 9 PRECINCT 4",0,11,"DEMOCRATIC",57
"177",103,0,"CITY OF AURORA",920,"ALISON SQUIRES",676,"14TH STATE CENTRAL COMMITTEEWOMAN","WARD 9 PRECINCT 5",0,11,"DEMOCRATIC",54
"178",103,0,"CITY OF AURORA",920,"ALISON SQUIRES",676,"14TH STATE CENTRAL COMMITTEEWOMAN","WARD 9 PRECINCT 6",0,11,"DEMOCRATIC",40
"179",103,0,"CITY OF AURORA",920,"ALISON SQUIRES",676,"14TH STATE CENTRAL COMMITTEEWOMAN","WARD 9 PRECINCT 7",0,11,"DEMOCRATIC",64
"180",103,0,"CITY OF AURORA",920,"ALISON SQUIRES",676,"14TH STATE CENTRAL COMMITTEEWOMAN","WARD 9 PRECINCT 8",0,11,"DEMOCRATIC",64
"181",103,0,"CITY OF AURORA",920,"ALISON SQUIRES",676,"14TH STATE CENTRAL COMMITTEEWOMAN","WARD 9 PRECINCT 9",0,11,"DEMOCRATIC",55
"182",103,0,"CITY OF AURORA",920,"ALISON SQUIRES",676,"14TH STATE CENTRAL COMMITTEEWOMAN","WARD 9 PRECINCT 10",0,11,"DEMOCRATIC",26
"183",103,0,"CITY OF AURORA",925,"MARK GUETHLE",677,"14TH STATE CENTRAL COMMITTEEMAN","WARD 9 PRECINCT 4",0,11,"DEMOCRATIC",57
"184",103,0,"CITY OF AURORA",925,"MARK GUETHLE",677,"14TH STATE CENTRAL COMMITTEEMAN","WARD 9 PRECINCT 5",0,11,"DEMOCRATIC",42
"185",103,0,"CITY OF AURORA",925,"MARK GUETHLE",677,"14TH STATE CENTRAL COMMITTEEMAN","WARD 9 PRECINCT 6",0,11,"DEMOCRATIC",47
"186",103,0,"CITY OF AURORA",925,"MARK GUETHLE",677,"14TH STATE CENTRAL COMMITTEEMAN","WARD 9 PRECINCT 7",0,11,"DEMOCRATIC",65
"187",103,0,"CITY OF AURORA",925,"MARK GUETHLE",677,"14TH STATE CENTRAL COMMITTEEMAN","WARD 9 PRECINCT 8",0,11,"DEMOCRATIC",59
"188",103,0,"CITY OF AURORA",925,"MARK GUETHLE",677,"14TH STATE CENTRAL COMMITTEEMAN","WARD 9 PRECINCT 9",0,11,"DEMOCRATIC",46
"189",103,0,"CITY OF AURORA",925,"MARK GUETHLE",677,"14TH STATE CENTRAL COMMITTEEMAN","WARD 9 PRECINCT 10",0,11,"DEMOCRATIC",24
"190",103,0,"CITY OF AURORA",930,"PETER JANKO",677,"14TH STATE CENTRAL COMMITTEEMAN","WARD 9 PRECINCT 4",0,11,"DEMOCRATIC",51
"191",103,0,"CITY OF AURORA",930,"PETER JANKO",677,"14TH STATE CENTRAL COMMITTEEMAN","WARD 9 PRECINCT 5",0,11,"DEMOCRATIC",56
"192",103,0,"CITY OF AURORA",930,"PETER JANKO",677,"14TH STATE CENTRAL COMMITTEEMAN","WARD 9 PRECINCT 6",0,11,"DEMOCRATIC",54
"193",103,0,"CITY OF AURORA",930,"PETER JANKO",677,"14TH STATE CENTRAL COMMITTEEMAN","WARD 9 PRECINCT 7",0,11,"DEMOCRATIC",71
"194",103,0,"CITY OF AURORA",930,"PETER JANKO",677,"14TH STATE CENTRAL COMMITTEEMAN","WARD 9 PRECINCT 8",0,11,"DEMOCRATIC",70
"195",103,0,"CITY OF AURORA",930,"PETER JANKO",677,"14TH STATE CENTRAL COMMITTEEMAN","WARD 9 PRECINCT 9",0,11,"DEMOCRATIC",54
"196",103,0,"CITY OF AURORA",930,"PETER JANKO",677,"14TH STATE CENTRAL COMMITTEEMAN","WARD 9 PRECINCT 10",0,11,"DEMOCRATIC",29
"197",103,0,"CITY OF AURORA",1265,"LINDA HOLMES",1200,"42ND SENATE","WARD 9 PRECINCT 4",0,11,"DEMOCRATIC",115
"198",103,0,"CITY OF AURORA",1265,"LINDA HOLMES",1200,"42ND SENATE","WARD 9 PRECINCT 5",0,11,"DEMOCRATIC",101
"199",103,0,"CITY OF AURORA",1265,"LINDA HOLMES",1200,"42ND SENATE","WARD 9 PRECINCT 6",0,11,"DEMOCRATIC",107
"200",103,0,"CITY OF AURORA",1265,"LINDA HOLMES",1200,"42ND SENATE","WARD 9 PRECINCT 7",0,11,"DEMOCRATIC",147
"201",103,0,"CITY OF AURORA",1265,"LINDA HOLMES",1200,"42ND SENATE","WARD 9 PRECINCT 8",0,11,"DEMOCRATIC",146
"202",103,0,"CITY OF AURORA",1265,"LINDA HOLMES",1200,"42ND SENATE","WARD 9 PRECINCT 9",0,11,"DEMOCRATIC",110
"203",103,0,"CITY OF AURORA",1265,"LINDA HOLMES",1200,"42ND SENATE","WARD 9 PRECINCT 10",0,11,"DEMOCRATIC",56
"204",103,0,"CITY OF AURORA",2320,"STEPHANIE A. KIFOWIT",2210,"84TH REPRESENTATIVE","WARD 9 PRECINCT 4",0,11,"DEMOCRATIC",115
"205",103,0,"CITY OF AURORA",2320,"STEPHANIE A. KIFOWIT",2210,"84TH REPRESENTATIVE","WARD 9 PRECINCT 5",0,11,"DEMOCRATIC",103
"206",103,0,"CITY OF AURORA",2320,"STEPHANIE A. KIFOWIT",2210,"84TH REPRESENTATIVE","WARD 9 PRECINCT 6",0,11,"DEMOCRATIC",102
"207",103,0,"CITY OF AURORA",2320,"STEPHANIE A. KIFOWIT",2210,"84TH REPRESENTATIVE","WARD 9 PRECINCT 7",0,11,"DEMOCRATIC",146
"208",103,0,"CITY OF AURORA",2320,"STEPHANIE A. KIFOWIT",2210,"84TH REPRESENTATIVE","WARD 9 PRECINCT 8",0,11,"DEMOCRATIC",150
"209",103,0,"CITY OF AURORA",2320,"STEPHANIE A. KIFOWIT",2210,"84TH REPRESENTATIVE","WARD 9 PRECINCT 9",0,11,"DEMOCRATIC",115
"210",103,0,"CITY OF AURORA",2320,"STEPHANIE A. KIFOWIT",2210,"84TH REPRESENTATIVE","WARD 9 PRECINCT 10",0,11,"DEMOCRATIC",49
"211",103,0,"CITY OF AURORA",100,"BRUCE RAUNER",180,"GOVERNOR AND LIEUTENANT GOVERNOR","WARD 9 PRECINCT 4",0,12,"REPUBLICAN",22
"212",103,0,"CITY OF AURORA",100,"BRUCE RAUNER",180,"GOVERNOR AND LIEUTENANT GOVERNOR","WARD 9 PRECINCT 5",0,12,"REPUBLICAN",19
"213",103,0,"CITY OF AURORA",100,"BRUCE RAUNER",180,"GOVERNOR AND LIEUTENANT GOVERNOR","WARD 9 PRECINCT 6",0,12,"REPUBLICAN",11
"214",103,0,"CITY OF AURORA",100,"BRUCE RAUNER",180,"GOVERNOR AND LIEUTENANT GOVERNOR","WARD 9 PRECINCT 7",0,12,"REPUBLICAN",21
"215",103,0,"CITY OF AURORA",100,"BRUCE RAUNER",180,"GOVERNOR AND LIEUTENANT GOVERNOR","WARD 9 PRECINCT 8",0,12,"REPUBLICAN",17
"216",103,0,"CITY OF AURORA",100,"BRUCE RAUNER",180,"GOVERNOR AND LIEUTENANT GOVERNOR","WARD 9 PRECINCT 9",0,12,"REPUBLICAN",23
"217",103,0,"CITY OF AURORA",100,"BRUCE RAUNER",180,"GOVERNOR AND LIEUTENANT GOVERNOR","WARD 9 PRECINCT 10",0,12,"REPUBLICAN",17
"218",103,0,"CITY OF AURORA",105,"JEANNE IVES",180,"GOVERNOR AND LIEUTENANT GOVERNOR","WARD 9 PRECINCT 4",0,12,"REPUBLICAN",25
"219",103,0,"CITY OF AURORA",105,"JEANNE IVES",180,"GOVERNOR AND LIEUTENANT GOVERNOR","WARD 9 PRECINCT 5",0,12,"REPUBLICAN",32
"220",103,0,"CITY OF AURORA",105,"JEANNE IVES",180,"GOVERNOR AND LIEUTENANT GOVERNOR","WARD 9 PRECINCT 6",0,12,"REPUBLICAN",21
"221",103,0,"CITY OF AURORA",105,"JEANNE IVES",180,"GOVERNOR AND LIEUTENANT GOVERNOR","WARD 9 PRECINCT 7",0,12,"REPUBLICAN",41
"222",103,0,"CITY OF AURORA",105,"JEANNE IVES",180,"GOVERNOR AND LIEUTENANT GOVERNOR","WARD 9 PRECINCT 8",0,12,"REPUBLICAN",23
"223",103,0,"CITY OF AURORA",105,"JEANNE IVES",180,"GOVERNOR AND LIEUTENANT GOVERNOR","WARD 9 PRECINCT 9",0,12,"REPUBLICAN",56
"224",103,0,"CITY OF AURORA",105,"JEANNE IVES",180,"GOVERNOR AND LIEUTENANT GOVERNOR","WARD 9 PRECINCT 10",0,12,"REPUBLICAN",12
"225",103,0,"CITY OF AURORA",145,"ERIKA HAROLD",190,"ATTORNEY GENERAL","WARD 9 PRECINCT 4",0,12,"REPUBLICAN",31
"226",103,0,"CITY OF AURORA",145,"ERIKA HAROLD",190,"ATTORNEY GENERAL","WARD 9 PRECINCT 5",0,12,"REPUBLICAN",27
"227",103,0,"CITY OF AURORA",145,"ERIKA HAROLD",190,"ATTORNEY GENERAL","WARD 9 PRECINCT 6",0,12,"REPUBLICAN",19
"228",103,0,"CITY OF AURORA",145,"ERIKA HAROLD",190,"ATTORNEY GENERAL","WARD 9 PRECINCT 7",0,12,"REPUBLICAN",38
"229",103,0,"CITY OF AURORA",145,"ERIKA HAROLD",190,"ATTORNEY GENERAL","WARD 9 PRECINCT 8",0,12,"REPUBLICAN",28
"230",103,0,"CITY OF AURORA",145,"ERIKA HAROLD",190,"ATTORNEY GENERAL","WARD 9 PRECINCT 9",0,12,"REPUBLICAN",61
"231",103,0,"CITY OF AURORA",145,"ERIKA HAROLD",190,"ATTORNEY GENERAL","WARD 9 PRECINCT 10",0,12,"REPUBLICAN",21
"232",103,0,"CITY OF AURORA",150,"GARY GRASSO",190,"ATTORNEY GENERAL","WARD 9 PRECINCT 4",0,12,"REPUBLICAN",15
"233",103,0,"CITY OF AURORA",150,"GARY GRASSO",190,"ATTORNEY GENERAL","WARD 9 PRECINCT 5",0,12,"REPUBLICAN",20
"234",103,0,"CITY OF AURORA",150,"GARY GRASSO",190,"ATTORNEY GENERAL","WARD 9 PRECINCT 6",0,12,"REPUBLICAN",13
"235",103,0,"CITY OF AURORA",150,"GARY GRASSO",190,"ATTORNEY GENERAL","WARD 9 PRECINCT 7",0,12,"REPUBLICAN",21
"236",103,0,"CITY OF AURORA",150,"GARY GRASSO",190,"ATTORNEY GENERAL","WARD 9 PRECINCT 8",0,12,"REPUBLICAN",10
"237",103,0,"CITY OF AURORA",150,"GARY GRASSO",190,"ATTORNEY GENERAL","WARD 9 PRECINCT 9",0,12,"REPUBLICAN",16
"238",103,0,"CITY OF AURORA",150,"GARY GRASSO",190,"ATTORNEY GENERAL","WARD 9 PRECINCT 10",0,12,"REPUBLICAN",4
"239",103,0,"CITY OF AURORA",195,"JASON HELLAND",200,"SECRETARY OF STATE","WARD 9 PRECINCT 4",0,12,"REPUBLICAN",46
"240",103,0,"CITY OF AURORA",195,"JASON HELLAND",200,"SECRETARY OF STATE","WARD 9 PRECINCT 5",0,12,"REPUBLICAN",45
"241",103,0,"CITY OF AURORA",195,"JASON HELLAND",200,"SECRETARY OF STATE","WARD 9 PRECINCT 6",0,12,"REPUBLICAN",31
"242",103,0,"CITY OF AURORA",195,"JASON HELLAND",200,"SECRETARY OF STATE","WARD 9 PRECINCT 7",0,12,"REPUBLICAN",57
"243",103,0,"CITY OF AURORA",195,"JASON HELLAND",200,"SECRETARY OF STATE","WARD 9 PRECINCT 8",0,12,"REPUBLICAN",35
"244",103,0,"CITY OF AURORA",195,"JASON HELLAND",200,"SECRETARY OF STATE","WARD 9 PRECINCT 9",0,12,"REPUBLICAN",74
"245",103,0,"CITY OF AURORA",195,"JASON HELLAND",200,"SECRETARY OF STATE","WARD 9 PRECINCT 10",0,12,"REPUBLICAN",22
"246",103,0,"CITY OF AURORA",210,"DARLENE SENGER",210,"COMPTROLLER","WARD 9 PRECINCT 4",0,12,"REPUBLICAN",44
"247",103,0,"CITY OF AURORA",210,"DARLENE SENGER",210,"COMPTROLLER","WARD 9 PRECINCT 5",0,12,"REPUBLICAN",46
"248",103,0,"CITY OF AURORA",210,"DARLENE SENGER",210,"COMPTROLLER","WARD 9 PRECINCT 6",0,12,"REPUBLICAN",31
"249",103,0,"CITY OF AURORA",210,"DARLENE SENGER",210,"COMPTROLLER","WARD 9 PRECINCT 7",0,12,"REPUBLICAN",56
"250",103,0,"CITY OF AURORA",210,"DARLENE SENGER",210,"COMPTROLLER","WARD 9 PRECINCT 8",0,12,"REPUBLICAN",36
"251",103,0,"CITY OF AURORA",210,"DARLENE SENGER",210,"COMPTROLLER","WARD 9 PRECINCT 9",0,12,"REPUBLICAN",75
"252",103,0,"CITY OF AURORA",210,"DARLENE SENGER",210,"COMPTROLLER","WARD 9 PRECINCT 10",0,12,"REPUBLICAN",23
"253",103,0,"CITY OF AURORA",220,"JIM DODGE",220,"TREASURER","WARD 9 PRECINCT 4",0,12,"REPUBLICAN",45
"254",103,0,"CITY OF AURORA",220,"JIM DODGE",220,"TREASURER","WARD 9 PRECINCT 5",0,12,"REPUBLICAN",45
"255",103,0,"CITY OF AURORA",220,"JIM DODGE",220,"TREASURER","WARD 9 PRECINCT 6",0,12,"REPUBLICAN",31
"256",103,0,"CITY OF AURORA",220,"JIM DODGE",220,"TREASURER","WARD 9 PRECINCT 7",0,12,"REPUBLICAN",57
"257",103,0,"CITY OF AURORA",220,"JIM DODGE",220,"TREASURER","WARD 9 PRECINCT 8",0,12,"REPUBLICAN",35
"258",103,0,"CITY OF AURORA",220,"JIM DODGE",220,"TREASURER","WARD 9 PRECINCT 9",0,12,"REPUBLICAN",74
"259",103,0,"CITY OF AURORA",220,"JIM DODGE",220,"TREASURER","WARD 9 PRECINCT 10",0,12,"REPUBLICAN",22
"260",103,0,"CITY OF AURORA",570,"RANDALL M. ""RANDY"" HULTGREN",380,"14TH CONGRESS","WARD 9 PRECINCT 4",0,12,"REPUBLICAN",45
"261",103,0,"CITY OF AURORA",570,"RANDALL M. ""RANDY"" HULTGREN",380,"14TH CONGRESS","WARD 9 PRECINCT 5",0,12,"REPUBLICAN",44
"262",103,0,"CITY OF AURORA",570,"RANDALL M. ""RANDY"" HULTGREN",380,"14TH CONGRESS","WARD 9 PRECINCT 6",0,12,"REPUBLICAN",30
"263",103,0,"CITY OF AURORA",570,"RANDALL M. ""RANDY"" HULTGREN",380,"14TH CONGRESS","WARD 9 PRECINCT 7",0,12,"REPUBLICAN",57
"264",103,0,"CITY OF AURORA",570,"RANDALL M. ""RANDY"" HULTGREN",380,"14TH CONGRESS","WARD 9 PRECINCT 8",0,12,"REPUBLICAN",33
"265",103,0,"CITY OF AURORA",570,"RANDALL M. ""RANDY"" HULTGREN",380,"14TH CONGRESS","WARD 9 PRECINCT 9",0,12,"REPUBLICAN",70
"266",103,0,"CITY OF AURORA",570,"RANDALL M. ""RANDY"" HULTGREN",380,"14TH CONGRESS","WARD 9 PRECINCT 10",0,12,"REPUBLICAN",23
"267",103,0,"CITY OF AURORA",2315,"PATTY SMITH",2210,"84TH REPRESENTATIVE","WARD 9 PRECINCT 4",0,12,"REPUBLICAN",45
"268",103,0,"CITY OF AURORA",2315,"PATTY SMITH",2210,"84TH REPRESENTATIVE","WARD 9 PRECINCT 5",0,12,"REPUBLICAN",46
"269",103,0,"CITY OF AURORA",2315,"PATTY SMITH",2210,"84TH REPRESENTATIVE","WARD 9 PRECINCT 6",0,12,"REPUBLICAN",31
"270",103,0,"CITY OF AURORA",2315,"PATTY SMITH",2210,"84TH REPRESENTATIVE","WARD 9 PRECINCT 7",0,12,"REPUBLICAN",56
"271",103,0,"CITY OF AURORA",2315,"PATTY SMITH",2210,"84TH REPRESENTATIVE","WARD 9 PRECINCT 8",0,12,"REPUBLICAN",35
"272",103,0,"CITY OF AURORA",2315,"PATTY SMITH",2210,"84TH REPRESENTATIVE","WARD 9 PRECINCT 9",0,12,"REPUBLICAN",76
"273",103,0,"CITY OF AURORA",2315,"PATTY SMITH",2210,"84TH REPRESENTATIVE","WARD 9 PRECINCT 10",0,12,"REPUBLICAN",24
"274",103,0,"CITY OF AURORA",2810,"CHRISTOPHER D MEHOCHKO",2850,"GRUNDY/KENDALL - SUPERINTENDENT OF SCHOOLS","WARD 9 PRECINCT 4",0,12,"REPUBLICAN",43
"275",103,0,"CITY OF AURORA",2810,"CHRISTOPHER D MEHOCHKO",2850,"GRUNDY/KENDALL - SUPERINTENDENT OF SCHOOLS","WARD 9 PRECINCT 5",0,12,"REPUBLICAN",45
"276",103,0,"CITY OF AURORA",2810,"CHRISTOPHER D MEHOCHKO",2850,"GRUNDY/KENDALL - SUPERINTENDENT OF SCHOOLS","WARD 9 PRECINCT 6",0,12,"REPUBLICAN",31
"277",103,0,"CITY OF AURORA",2810,"CHRISTOPHER D MEHOCHKO",2850,"GRUNDY/KENDALL - SUPERINTENDENT OF SCHOOLS","WARD 9 PRECINCT 7",0,12,"REPUBLICAN",56
"278",103,0,"CITY OF AURORA",2810,"CHRISTOPHER D MEHOCHKO",2850,"GRUNDY/KENDALL - SUPERINTENDENT OF SCHOOLS","WARD 9 PRECINCT 8",0,12,"REPUBLICAN",34
"279",103,0,"CITY OF AURORA",2810,"CHRISTOPHER D MEHOCHKO",2850,"GRUNDY/KENDALL - SUPERINTENDENT OF SCHOOLS","WARD 9 PRECINCT 9",0,12,"REPUBLICAN",73
"280",103,0,"CITY OF AURORA",2810,"CHRISTOPHER D MEHOCHKO",2850,"GRUNDY/KENDALL - SUPERINTENDENT OF SCHOOLS","WARD 9 PRECINCT 10",0,12,"REPUBLICAN",23
"281",103,0,"CITY OF AURORA",3705,"BEN BRAUN",4640,"12TH CIRCUIT - ROZAK VACANCY","WARD 9 PRECINCT 4",0,12,"REPUBLICAN",42
"282",103,0,"CITY OF AURORA",3705,"BEN BRAUN",4640,"12TH CIRCUIT - ROZAK VACANCY","WARD 9 PRECINCT 5",0,12,"REPUBLICAN",45
"283",103,0,"CITY OF AURORA",3705,"BEN BRAUN",4640,"12TH CIRCUIT - ROZAK VACANCY","WARD 9 PRECINCT 6",0,12,"REPUBLICAN",31
"284",103,0,"CITY OF AURORA",3705,"BEN BRAUN",4640,"12TH CIRCUIT - ROZAK VACANCY","WARD 9 PRECINCT 7",0,12,"REPUBLICAN",56
"285",103,0,"CITY OF AURORA",3705,"BEN BRAUN",4640,"12TH CIRCUIT - ROZAK VACANCY","WARD 9 PRECINCT 8",0,12,"REPUBLICAN",35
"286",103,0,"CITY OF AURORA",3705,"BEN BRAUN",4640,"12TH CIRCUIT - ROZAK VACANCY","WARD 9 PRECINCT 9",0,12,"REPUBLICAN",76
"287",103,0,"CITY OF AURORA",3705,"BEN BRAUN",4640,"12TH CIRCUIT - ROZAK VACANCY","WARD 9 PRECINCT 10",0,12,"REPUBLICAN",24
"288",103,0,"CITY OF AURORA",3725,"VICTORIA McKAY KENNISON",4650,"12TH CIRCUIT - POLICANDRIOTES VACANCY","WARD 9 PRECINCT 4",0,12,"REPUBLICAN",42
"289",103,0,"CITY OF AURORA",3725,"VICTORIA McKAY KENNISON",4650,"12TH CIRCUIT - POLICANDRIOTES VACANCY","WARD 9 PRECINCT 5",0,12,"REPUBLICAN",43
"290",103,0,"CITY OF AURORA",3725,"VICTORIA McKAY KENNISON",4650,"12TH CIRCUIT - POLICANDRIOTES VACANCY","WARD 9 PRECINCT 6",0,12,"REPUBLICAN",30
"291",103,0,"CITY OF AURORA",3725,"VICTORIA McKAY KENNISON",4650,"12TH CIRCUIT - POLICANDRIOTES VACANCY","WARD 9 PRECINCT 7",0,12,"REPUBLICAN",56
"292",103,0,"CITY OF AURORA",3725,"VICTORIA McKAY KENNISON",4650,"12TH CIRCUIT - POLICANDRIOTES VACANCY","WARD 9 PRECINCT 8",0,12,"REPUBLICAN",32
"293",103,0,"CITY OF AURORA",3725,"VICTORIA McKAY KENNISON",4650,"12TH CIRCUIT - POLICANDRIOTES VACANCY","WARD 9 PRECINCT 9",0,12,"REPUBLICAN",76
"294",103,0,"CITY OF AURORA",3725,"VICTORIA McKAY KENNISON",4650,"12TH CIRCUIT - POLICANDRIOTES VACANCY","WARD 9 PRECINCT 10",0,12,"REPUBLICAN",23
"295",103,0,"CITY OF AURORA",3710,"DAVID GARCIA",4640,"12TH CIRCUIT - ROZAK VACANCY","WARD 9 PRECINCT 4",0,11,"DEMOCRATIC",48
"296",103,0,"CITY OF AURORA",3710,"DAVID GARCIA",4640,"12TH CIRCUIT - ROZAK VACANCY","WARD 9 PRECINCT 5",0,11,"DEMOCRATIC",47
"297",103,0,"CITY OF AURORA",3710,"DAVID GARCIA",4640,"12TH CIRCUIT - ROZAK VACANCY","WARD 9 PRECINCT 6",0,11,"DEMOCRATIC",50
"298",103,0,"CITY OF AURORA",3710,"DAVID GARCIA",4640,"12TH CIRCUIT - ROZAK VACANCY","WARD 9 PRECINCT 7",0,11,"DEMOCRATIC",62
"299",103,0,"CITY OF AURORA",3710,"DAVID GARCIA",4640,"12TH CIRCUIT - ROZAK VACANCY","WARD 9 PRECINCT 8",0,11,"DEMOCRATIC",53
"300",103,0,"CITY OF AURORA",3710,"DAVID GARCIA",4640,"12TH CIRCUIT - ROZAK VACANCY","WARD 9 PRECINCT 9",0,11,"DEMOCRATIC",48
"301",103,0,"CITY OF AURORA",3710,"DAVID GARCIA",4640,"12TH CIRCUIT - ROZAK VACANCY","WARD 9 PRECINCT 10",0,11,"DEMOCRATIC",24
"302",103,0,"CITY OF AURORA",3715,"MOIRA K. DUNN",4640,"12TH CIRCUIT - ROZAK VACANCY","WARD 9 PRECINCT 4",0,11,"DEMOCRATIC",38
"303",103,0,"CITY OF AURORA",3715,"MOIRA K. DUNN",4640,"12TH CIRCUIT - ROZAK VACANCY","WARD 9 PRECINCT 5",0,11,"DEMOCRATIC",30
"304",103,0,"CITY OF AURORA",3715,"MOIRA K. DUNN",4640,"12TH CIRCUIT - ROZAK VACANCY","WARD 9 PRECINCT 6",0,11,"DEMOCRATIC",30
"305",103,0,"CITY OF AURORA",3715,"MOIRA K. DUNN",4640,"12TH CIRCUIT - ROZAK VACANCY","WARD 9 PRECINCT 7",0,11,"DEMOCRATIC",52
"306",103,0,"CITY OF AURORA",3715,"MOIRA K. DUNN",4640,"12TH CIRCUIT - ROZAK VACANCY","WARD 9 PRECINCT 8",0,11,"DEMOCRATIC",56
"307",103,0,"CITY OF AURORA",3715,"MOIRA K. DUNN",4640,"12TH CIRCUIT - ROZAK VACANCY","WARD 9 PRECINCT 9",0,11,"DEMOCRATIC",37
"308",103,0,"CITY OF AURORA",3715,"MOIRA K. DUNN",4640,"12TH CIRCUIT - ROZAK VACANCY","WARD 9 PRECINCT 10",0,11,"DEMOCRATIC",19
"309",103,0,"CITY OF AURORA",3720,"DANIEL O'CONNELL",4640,"12TH CIRCUIT - ROZAK VACANCY","WARD 9 PRECINCT 4",0,11,"DEMOCRATIC",23
"310",103,0,"CITY OF AURORA",3720,"DANIEL O'CONNELL",4640,"12TH CIRCUIT - ROZAK VACANCY","WARD 9 PRECINCT 5",0,11,"DEMOCRATIC",19
"311",103,0,"CITY OF AURORA",3720,"DANIEL O'CONNELL",4640,"12TH CIRCUIT - ROZAK VACANCY","WARD 9 PRECINCT 6",0,11,"DEMOCRATIC",22
"312",103,0,"CITY OF AURORA",3720,"DANIEL O'CONNELL",4640,"12TH CIRCUIT - ROZAK VACANCY","WARD 9 PRECINCT 7",0,11,"DEMOCRATIC",23
"313",103,0,"CITY OF AURORA",3720,"DANIEL O'CONNELL",4640,"12TH CIRCUIT - ROZAK VACANCY","WARD 9 PRECINCT 8",0,11,"DEMOCRATIC",23
"314",103,0,"CITY OF AURORA",3720,"DANIEL O'CONNELL",4640,"12TH CIRCUIT - ROZAK VACANCY","WARD 9 PRECINCT 9",0,11,"DEMOCRATIC",22
"315",103,0,"CITY OF AURORA",3720,"DANIEL O'CONNELL",4640,"12TH CIRCUIT - ROZAK VACANCY","WARD 9 PRECINCT 10",0,11,"DEMOCRATIC",8
"316",103,0,"CITY OF AURORA",3735,"VINCENT F. CORNELIUS",4650,"12TH CIRCUIT - POLICANDRIOTES VACANCY","WARD 9 PRECINCT 4",0,11,"DEMOCRATIC",109
"317",103,0,"CITY OF AURORA",3735,"VINCENT F. CORNELIUS",4650,"12TH CIRCUIT - POLICANDRIOTES VACANCY","WARD 9 PRECINCT 5",0,11,"DEMOCRATIC",95
"318",103,0,"CITY OF AURORA",3735,"VINCENT F. CORNELIUS",4650,"12TH CIRCUIT - POLICANDRIOTES VACANCY","WARD 9 PRECINCT 6",0,11,"DEMOCRATIC",96
"319",103,0,"CITY OF AURORA",3735,"VINCENT F. CORNELIUS",4650,"12TH CIRCUIT - POLICANDRIOTES VACANCY","WARD 9 PRECINCT 7",0,11,"DEMOCRATIC",133
"320",103,0,"CITY OF AURORA",3735,"VINCENT F. CORNELIUS",4650,"12TH CIRCUIT - POLICANDRIOTES VACANCY","WARD 9 PRECINCT 8",0,11,"DEMOCRATIC",129
"321",103,0,"CITY OF AURORA",3735,"VINCENT F. CORNELIUS",4650,"12TH CIRCUIT - POLICANDRIOTES VACANCY","WARD 9 PRECINCT 9",0,11,"DEMOCRATIC",100
"322",103,0,"CITY OF AURORA",3735,"VINCENT F. CORNELIUS",4650,"12TH CIRCUIT - POLICANDRIOTES VACANCY","WARD 9 PRECINCT 10",0,11,"DEMOCRATIC",45
"323",103,0,"CITY OF AURORA",165,"SCOTT DRURY",190,"ATTORNEY GENERAL","WARD 9 PRECINCT 4",0,11,"DEMOCRATIC",7
"324",103,0,"CITY OF AURORA",165,"SCOTT DRURY",190,"ATTORNEY GENERAL","WARD 9 PRECINCT 5",0,11,"DEMOCRATIC",6
"325",103,0,"CITY OF AURORA",165,"SCOTT DRURY",190,"ATTORNEY GENERAL","WARD 9 PRECINCT 6",0,11,"DEMOCRATIC",9
"326",103,0,"CITY OF AURORA",165,"SCOTT DRURY",190,"ATTORNEY GENERAL","WARD 9 PRECINCT 7",0,11,"DEMOCRATIC",20
"327",103,0,"CITY OF AURORA",165,"SCOTT DRURY",190,"ATTORNEY GENERAL","WARD 9 PRECINCT 8",0,11,"DEMOCRATIC",11
"328",103,0,"CITY OF AURORA",165,"SCOTT DRURY",190,"ATTORNEY GENERAL","WARD 9 PRECINCT 9",0,11,"DEMOCRATIC",9
"329",103,0,"CITY OF AURORA",165,"SCOTT DRURY",190,"ATTORNEY GENERAL","WARD 9 PRECINCT 10",0,11,"DEMOCRATIC",7
"330",103,0,"CITY OF AURORA",0,"Blank Ballots",1200,"42ND SENATE","WARD 9 PRECINCT 4",0,12,"REPUBLICAN",47
"331",103,0,"CITY OF AURORA",0,"Blank Ballots",1200,"42ND SENATE","WARD 9 PRECINCT 5",0,12,"REPUBLICAN",52
"332",103,0,"CITY OF AURORA",0,"Blank Ballots",1200,"42ND SENATE","WARD 9 PRECINCT 6",0,12,"REPUBLICAN",32
"333",103,0,"CITY OF AURORA",0,"Blank Ballots",1200,"42ND SENATE","WARD 9 PRECINCT 7",0,12,"REPUBLICAN",62
"334",103,0,"CITY OF AURORA",0,"Blank Ballots",1200,"42ND SENATE","WARD 9 PRECINCT 8",0,12,"REPUBLICAN",40
"335",103,0,"CITY OF AURORA",0,"Blank Ballots",1200,"42ND SENATE","WARD 9 PRECINCT 9",0,12,"REPUBLICAN",79
"336",103,0,"CITY OF AURORA",0,"Blank Ballots",1200,"42ND SENATE","WARD 9 PRECINCT 10",0,12,"REPUBLICAN",29
"337",103,0,"CITY OF AURORA",0,"Blank Ballots",2850,"GRUNDY/KENDALL - SUPERINTENDENT OF SCHOOLS","WARD 9 PRECINCT 4",0,11,"DEMOCRATIC",121
"338",103,0,"CITY OF AURORA",0,"Blank Ballots",2850,"GRUNDY/KENDALL - SUPERINTENDENT OF SCHOOLS","WARD 9 PRECINCT 5",0,11,"DEMOCRATIC",111
"339",103,0,"CITY OF AURORA",0,"Blank Ballots",2850,"GRUNDY/KENDALL - SUPERINTENDENT OF SCHOOLS","WARD 9 PRECINCT 6",0,11,"DEMOCRATIC",116
"340",103,0,"CITY OF AURORA",0,"Blank Ballots",2850,"GRUNDY/KENDALL - SUPERINTENDENT OF SCHOOLS","WARD 9 PRECINCT 7",0,11,"DEMOCRATIC",163
"341",103,0,"CITY OF AURORA",0,"Blank Ballots",2850,"GRUNDY/KENDALL - SUPERINTENDENT OF SCHOOLS","WARD 9 PRECINCT 8",0,11,"DEMOCRATIC",160
"342",103,0,"CITY OF AURORA",0,"Blank Ballots",2850,"GRUNDY/KENDALL - SUPERINTENDENT OF SCHOOLS","WARD 9 PRECINCT 9",0,11,"DEMOCRATIC",120
"343",103,0,"CITY OF AURORA",0,"Blank Ballots",2850,"GRUNDY/KENDALL - SUPERINTENDENT OF SCHOOLS","WARD 9 PRECINCT 10",0,11,"DEMOCRATIC",61
"344",103,0,"CITY OF AURORA",0,"Under Votes",1200,"42ND SENATE","WARD 9 PRECINCT 4",0,11,"DEMOCRATIC",6
"345",103,0,"CITY OF AURORA",0,"Under Votes",1200,"42ND SENATE","WARD 9 PRECINCT 5",0,11,"DEMOCRATIC",10
"346",103,0,"CITY OF AURORA",0,"Under Votes",1200,"42ND SENATE","WARD 9 PRECINCT 6",0,11,"DEMOCRATIC",9
"347",103,0,"CITY OF AURORA",0,"Under Votes",1200,"42ND SENATE","WARD 9 PRECINCT 7",0,11,"DEMOCRATIC",16
"348",103,0,"CITY OF AURORA",0,"Under Votes",1200,"42ND SENATE","WARD 9 PRECINCT 8",0,11,"DEMOCRATIC",14
"349",103,0,"CITY OF AURORA",0,"Under Votes",1200,"42ND SENATE","WARD 9 PRECINCT 9",0,11,"DEMOCRATIC",10
"350",103,0,"CITY OF AURORA",0,"Under Votes",1200,"42ND SENATE","WARD 9 PRECINCT 10",0,11,"DEMOCRATIC",5
"351",103,0,"CITY OF AURORA",0,"Under Votes",180,"GOVERNOR AND LIEUTENANT GOVERNOR","WARD 9 PRECINCT 5",0,12,"REPUBLICAN",1
"352",103,0,"CITY OF AURORA",0,"Under Votes",190,"ATTORNEY GENERAL","WARD 9 PRECINCT 4",0,12,"REPUBLICAN",1
"353",103,0,"CITY OF AURORA",0,"Under Votes",190,"ATTORNEY GENERAL","WARD 9 PRECINCT 5",0,12,"REPUBLICAN",5
"354",103,0,"CITY OF AURORA",0,"Under Votes",190,"ATTORNEY GENERAL","WARD 9 PRECINCT 7",0,12,"REPUBLICAN",3
"355",103,0,"CITY OF AURORA",0,"Under Votes",190,"ATTORNEY GENERAL","WARD 9 PRECINCT 8",0,12,"REPUBLICAN",2
"356",103,0,"CITY OF AURORA",0,"Under Votes",190,"ATTORNEY GENERAL","WARD 9 PRECINCT 9",0,12,"REPUBLICAN",2
"357",103,0,"CITY OF AURORA",0,"Under Votes",190,"ATTORNEY GENERAL","WARD 9 PRECINCT 10",0,12,"REPUBLICAN",4
"358",103,0,"CITY OF AURORA",0,"Under Votes",200,"SECRETARY OF STATE","WARD 9 PRECINCT 4",0,12,"REPUBLICAN",1
"359",103,0,"CITY OF AURORA",0,"Under Votes",200,"SECRETARY OF STATE","WARD 9 PRECINCT 5",0,12,"REPUBLICAN",7
"360",103,0,"CITY OF AURORA",0,"Under Votes",200,"SECRETARY OF STATE","WARD 9 PRECINCT 6",0,12,"REPUBLICAN",1
"361",103,0,"CITY OF AURORA",0,"Under Votes",200,"SECRETARY OF STATE","WARD 9 PRECINCT 7",0,12,"REPUBLICAN",5
"362",103,0,"CITY OF AURORA",0,"Under Votes",200,"SECRETARY OF STATE","WARD 9 PRECINCT 8",0,12,"REPUBLICAN",5
"363",103,0,"CITY OF AURORA",0,"Under Votes",200,"SECRETARY OF STATE","WARD 9 PRECINCT 9",0,12,"REPUBLICAN",5
"364",103,0,"CITY OF AURORA",0,"Under Votes",200,"SECRETARY OF STATE","WARD 9 PRECINCT 10",0,12,"REPUBLICAN",7
"365",103,0,"CITY OF AURORA",0,"Under Votes",210,"COMPTROLLER","WARD 9 PRECINCT 4",0,12,"REPUBLICAN",3
"366",103,0,"CITY OF AURORA",0,"Under Votes",210,"COMPTROLLER","WARD 9 PRECINCT 5",0,12,"REPUBLICAN",6
"367",103,0,"CITY OF AURORA",0,"Under Votes",210,"COMPTROLLER","WARD 9 PRECINCT 6",0,12,"REPUBLICAN",1
"368",103,0,"CITY OF AURORA",0,"Under Votes",210,"COMPTROLLER","WARD 9 PRECINCT 7",0,12,"REPUBLICAN",6
"369",103,0,"CITY OF AURORA",0,"Under Votes",210,"COMPTROLLER","WARD 9 PRECINCT 8",0,12,"REPUBLICAN",4
"370",103,0,"CITY OF AURORA",0,"Under Votes",210,"COMPTROLLER","WARD 9 PRECINCT 9",0,12,"REPUBLICAN",4
"371",103,0,"CITY OF AURORA",0,"Under Votes",210,"COMPTROLLER","WARD 9 PRECINCT 10",0,12,"REPUBLICAN",6
"372",103,0,"CITY OF AURORA",0,"Under Votes",220,"TREASURER","WARD 9 PRECINCT 4",0,12,"REPUBLICAN",2
"373",103,0,"CITY OF AURORA",0,"Under Votes",220,"TREASURER","WARD 9 PRECINCT 5",0,12,"REPUBLICAN",7
"374",103,0,"CITY OF AURORA",0,"Under Votes",220,"TREASURER","WARD 9 PRECINCT 6",0,12,"REPUBLICAN",1
"375",103,0,"CITY OF AURORA",0,"Under Votes",220,"TREASURER","WARD 9 PRECINCT 7",0,12,"REPUBLICAN",5
"376",103,0,"CITY OF AURORA",0,"Under Votes",220,"TREASURER","WARD 9 PRECINCT 8",0,12,"REPUBLICAN",5
"377",103,0,"CITY OF AURORA",0,"Under Votes",220,"TREASURER","WARD 9 PRECINCT 9",0,12,"REPUBLICAN",5
"378",103,0,"CITY OF AURORA",0,"Under Votes",220,"TREASURER","WARD 9 PRECINCT 10",0,12,"REPUBLICAN",7
"379",103,0,"CITY OF AURORA",0,"Under Votes",180,"GOVERNOR AND LIEUTENANT GOVERNOR","WARD 9 PRECINCT 4",0,11,"DEMOCRATIC",2
"380",103,0,"CITY OF AURORA",0,"Under Votes",180,"GOVERNOR AND LIEUTENANT GOVERNOR","WARD 9 PRECINCT 5",0,11,"DEMOCRATIC",1
"381",103,0,"CITY OF AURORA",0,"Under Votes",180,"GOVERNOR AND LIEUTENANT GOVERNOR","WARD 9 PRECINCT 6",0,11,"DEMOCRATIC",1
"382",103,0,"CITY OF AURORA",0,"Under Votes",190,"ATTORNEY GENERAL","WARD 9 PRECINCT 4",0,11,"DEMOCRATIC",4
"383",103,0,"CITY OF AURORA",0,"Under Votes",190,"ATTORNEY GENERAL","WARD 9 PRECINCT 5",0,11,"DEMOCRATIC",3
"384",103,0,"CITY OF AURORA",0,"Under Votes",190,"ATTORNEY GENERAL","WARD 9 PRECINCT 6",0,11,"DEMOCRATIC",2
"385",103,0,"CITY OF AURORA",0,"Under Votes",190,"ATTORNEY GENERAL","WARD 9 PRECINCT 7",0,11,"DEMOCRATIC",1
"386",103,0,"CITY OF AURORA",0,"Under Votes",190,"ATTORNEY GENERAL","WARD 9 PRECINCT 8",0,11,"DEMOCRATIC",2
"387",103,0,"CITY OF AURORA",0,"Under Votes",190,"ATTORNEY GENERAL","WARD 9 PRECINCT 9",0,11,"DEMOCRATIC",4
"388",103,0,"CITY OF AURORA",0,"Under Votes",190,"ATTORNEY GENERAL","WARD 9 PRECINCT 10",0,11,"DEMOCRATIC",1
"389",103,0,"CITY OF AURORA",0,"Under Votes",200,"SECRETARY OF STATE","WARD 9 PRECINCT 4",0,11,"DEMOCRATIC",5
"390",103,0,"CITY OF AURORA",0,"Under Votes",200,"SECRETARY OF STATE","WARD 9 PRECINCT 5",0,11,"DEMOCRATIC",5
"391",103,0,"CITY OF AURORA",0,"Under Votes",200,"SECRETARY OF STATE","WARD 9 PRECINCT 6",0,11,"DEMOCRATIC",3
"392",103,0,"CITY OF AURORA",0,"Under Votes",200,"SECRETARY OF STATE","WARD 9 PRECINCT 7",0,11,"DEMOCRATIC",10
"393",103,0,"CITY OF AURORA",0,"Under Votes",200,"SECRETARY OF STATE","WARD 9 PRECINCT 8",0,11,"DEMOCRATIC",3
"394",103,0,"CITY OF AURORA",0,"Under Votes",200,"SECRETARY OF STATE","WARD 9 PRECINCT 9",0,11,"DEMOCRATIC",5
"395",103,0,"CITY OF AURORA",0,"Under Votes",200,"SECRETARY OF STATE","WARD 9 PRECINCT 10",0,11,"DEMOCRATIC",6
"396",103,0,"CITY OF AURORA",0,"Under Votes",210,"COMPTROLLER","WARD 9 PRECINCT 4",0,11,"DEMOCRATIC",9
"397",103,0,"CITY OF AURORA",0,"Under Votes",210,"COMPTROLLER","WARD 9 PRECINCT 5",0,11,"DEMOCRATIC",8
"398",103,0,"CITY OF AURORA",0,"Under Votes",210,"COMPTROLLER","WARD 9 PRECINCT 6",0,11,"DEMOCRATIC",10
"399",103,0,"CITY OF AURORA",0,"Under Votes",210,"COMPTROLLER","WARD 9 PRECINCT 7",0,11,"DEMOCRATIC",19
"400",103,0,"CITY OF AURORA",0,"Under Votes",210,"COMPTROLLER","WARD 9 PRECINCT 8",0,11,"DEMOCRATIC",13
"401",103,0,"CITY OF AURORA",0,"Under Votes",210,"COMPTROLLER","WARD 9 PRECINCT 9",0,11,"DEMOCRATIC",11
"402",103,0,"CITY OF AURORA",0,"Under Votes",210,"COMPTROLLER","WARD 9 PRECINCT 10",0,11,"DEMOCRATIC",7
"403",103,0,"CITY OF AURORA",0,"Under Votes",220,"TREASURER","WARD 9 PRECINCT 4",0,11,"DEMOCRATIC",12
"404",103,0,"CITY OF AURORA",0,"Under Votes",220,"TREASURER","WARD 9 PRECINCT 5",0,11,"DEMOCRATIC",11
"405",103,0,"CITY OF AURORA",0,"Under Votes",220,"TREASURER","WARD 9 PRECINCT 6",0,11,"DEMOCRATIC",15
"406",103,0,"CITY OF AURORA",0,"Under Votes",220,"TREASURER","WARD 9 PRECINCT 7",0,11,"DEMOCRATIC",23
"407",103,0,"CITY OF AURORA",0,"Under Votes",220,"TREASURER","WARD 9 PRECINCT 8",0,11,"DEMOCRATIC",17
"408",103,0,"CITY OF AURORA",0,"Under Votes",220,"TREASURER","WARD 9 PRECINCT 9",0,11,"DEMOCRATIC",15
"409",103,0,"CITY OF AURORA",0,"Under Votes",220,"TREASURER","WARD 9 PRECINCT 10",0,11,"DEMOCRATIC",13
"410",103,0,"CITY OF AURORA",0,"Under Votes",380,"14TH CONGRESS","WARD 9 PRECINCT 4",0,12,"REPUBLICAN",2
"411",103,0,"CITY OF AURORA",0,"Under Votes",380,"14TH CONGRESS","WARD 9 PRECINCT 5",0,12,"REPUBLICAN",8
"412",103,0,"CITY OF AURORA",0,"Under Votes",380,"14TH CONGRESS","WARD 9 PRECINCT 6",0,12,"REPUBLICAN",2
"413",103,0,"CITY OF AURORA",0,"Under Votes",380,"14TH CONGRESS","WARD 9 PRECINCT 7",0,12,"REPUBLICAN",5
"414",103,0,"CITY OF AURORA",0,"Under Votes",380,"14TH CONGRESS","WARD 9 PRECINCT 8",0,12,"REPUBLICAN",7
"415",103,0,"CITY OF AURORA",0,"Under Votes",380,"14TH CONGRESS","WARD 9 PRECINCT 9",0,12,"REPUBLICAN",9
"416",103,0,"CITY OF AURORA",0,"Under Votes",380,"14TH CONGRESS","WARD 9 PRECINCT 10",0,12,"REPUBLICAN",6
"417",103,0,"CITY OF AURORA",0,"Under Votes",380,"14TH CONGRESS","WARD 9 PRECINCT 4",0,11,"DEMOCRATIC",5
"418",103,0,"CITY OF AURORA",0,"Under Votes",380,"14TH CONGRESS","WARD 9 PRECINCT 5",0,11,"DEMOCRATIC",6
"419",103,0,"CITY OF AURORA",0,"Under Votes",380,"14TH CONGRESS","WARD 9 PRECINCT 6",0,11,"DEMOCRATIC",14
"420",103,0,"CITY OF AURORA",0,"Under Votes",380,"14TH CONGRESS","WARD 9 PRECINCT 7",0,11,"DEMOCRATIC",9
"421",103,0,"CITY OF AURORA",0,"Under Votes",380,"14TH CONGRESS","WARD 9 PRECINCT 8",0,11,"DEMOCRATIC",11
"422",103,0,"CITY OF AURORA",0,"Under Votes",380,"14TH CONGRESS","WARD 9 PRECINCT 9",0,11,"DEMOCRATIC",7
"423",103,0,"CITY OF AURORA",0,"Under Votes",380,"14TH CONGRESS","WARD 9 PRECINCT 10",0,11,"DEMOCRATIC",3
"424",103,0,"CITY OF AURORA",0,"Under Votes",2210,"84TH REPRESENTATIVE","WARD 9 PRECINCT 4",0,11,"DEMOCRATIC",6
"425",103,0,"CITY OF AURORA",0,"Under Votes",2210,"84TH REPRESENTATIVE","WARD 9 PRECINCT 5",0,11,"DEMOCRATIC",8
"426",103,0,"CITY OF AURORA",0,"Under Votes",2210,"84TH REPRESENTATIVE","WARD 9 PRECINCT 6",0,11,"DEMOCRATIC",14
"427",103,0,"CITY OF AURORA",0,"Under Votes",2210,"84TH REPRESENTATIVE","WARD 9 PRECINCT 7",0,11,"DEMOCRATIC",17
"428",103,0,"CITY OF AURORA",0,"Under Votes",2210,"84TH REPRESENTATIVE","WARD 9 PRECINCT 8",0,11,"DEMOCRATIC",10
"429",103,0,"CITY OF AURORA",0,"Under Votes",2210,"84TH REPRESENTATIVE","WARD 9 PRECINCT 9",0,11,"DEMOCRATIC",5
"430",103,0,"CITY OF AURORA",0,"Under Votes",2210,"84TH REPRESENTATIVE","WARD 9 PRECINCT 10",0,11,"DEMOCRATIC",12
"431",103,0,"CITY OF AURORA",0,"Under Votes",2210,"84TH REPRESENTATIVE","WARD 9 PRECINCT 4",0,12,"REPUBLICAN",2
"432",103,0,"CITY OF AURORA",0,"Under Votes",2210,"84TH REPRESENTATIVE","WARD 9 PRECINCT 5",0,12,"REPUBLICAN",6
"433",103,0,"CITY OF AURORA",0,"Under Votes",2210,"84TH REPRESENTATIVE","WARD 9 PRECINCT 6",0,12,"REPUBLICAN",1
"434",103,0,"CITY OF AURORA",0,"Under Votes",2210,"84TH REPRESENTATIVE","WARD 9 PRECINCT 7",0,12,"REPUBLICAN",6
"435",103,0,"CITY OF AURORA",0,"Under Votes",2210,"84TH REPRESENTATIVE","WARD 9 PRECINCT 8",0,12,"REPUBLICAN",5
"436",103,0,"CITY OF AURORA",0,"Under Votes",2210,"84TH REPRESENTATIVE","WARD 9 PRECINCT 9",0,12,"REPUBLICAN",3
"437",103,0,"CITY OF AURORA",0,"Under Votes",2210,"84TH REPRESENTATIVE","WARD 9 PRECINCT 10",0,12,"REPUBLICAN",5
"438",103,0,"CITY OF AURORA",0,"Under Votes",2850,"GRUNDY/KENDALL - SUPERINTENDENT OF SCHOOLS","WARD 9 PRECINCT 4",0,12,"REPUBLICAN",4
"439",103,0,"CITY OF AURORA",0,"Under Votes",2850,"GRUNDY/KENDALL - SUPERINTENDENT OF SCHOOLS","WARD 9 PRECINCT 5",0,12,"REPUBLICAN",7
"440",103,0,"CITY OF AURORA",0,"Under Votes",2850,"GRUNDY/KENDALL - SUPERINTENDENT OF SCHOOLS","WARD 9 PRECINCT 6",0,12,"REPUBLICAN",1
"441",103,0,"CITY OF AURORA",0,"Under Votes",2850,"GRUNDY/KENDALL - SUPERINTENDENT OF SCHOOLS","WARD 9 PRECINCT 7",0,12,"REPUBLICAN",6
"442",103,0,"CITY OF AURORA",0,"Under Votes",2850,"GRUNDY/KENDALL - SUPERINTENDENT OF SCHOOLS","WARD 9 PRECINCT 8",0,12,"REPUBLICAN",6
"443",103,0,"CITY OF AURORA",0,"Under Votes",2850,"GRUNDY/KENDALL - SUPERINTENDENT OF SCHOOLS","WARD 9 PRECINCT 9",0,12,"REPUBLICAN",6
"444",103,0,"CITY OF AURORA",0,"Under Votes",2850,"GRUNDY/KENDALL - SUPERINTENDENT OF SCHOOLS","WARD 9 PRECINCT 10",0,12,"REPUBLICAN",6
"445",103,0,"CITY OF AURORA",0,"Under Votes",4640,"12TH CIRCUIT - ROZAK VACANCY","WARD 9 PRECINCT 4",0,12,"REPUBLICAN",5
"446",103,0,"CITY OF AURORA",0,"Under Votes",4640,"12TH CIRCUIT - ROZAK VACANCY","WARD 9 PRECINCT 5",0,12,"REPUBLICAN",7
"447",103,0,"CITY OF AURORA",0,"Under Votes",4640,"12TH CIRCUIT - ROZAK VACANCY","WARD 9 PRECINCT 6",0,12,"REPUBLICAN",1
"448",103,0,"CITY OF AURORA",0,"Under Votes",4640,"12TH CIRCUIT - ROZAK VACANCY","WARD 9 PRECINCT 7",0,12,"REPUBLICAN",6
"449",103,0,"CITY OF AURORA",0,"Under Votes",4640,"12TH CIRCUIT - ROZAK VACANCY","WARD 9 PRECINCT 8",0,12,"REPUBLICAN",5
"450",103,0,"CITY OF AURORA",0,"Under Votes",4640,"12TH CIRCUIT - ROZAK VACANCY","WARD 9 PRECINCT 9",0,12,"REPUBLICAN",3
"451",103,0,"CITY OF AURORA",0,"Under Votes",4640,"12TH CIRCUIT - ROZAK VACANCY","WARD 9 PRECINCT 10",0,12,"REPUBLICAN",5
"452",103,0,"CITY OF AURORA",0,"Under Votes",4650,"12TH CIRCUIT - POLICANDRIOTES VACANCY","WARD 9 PRECINCT 4",0,12,"REPUBLICAN",5
"453",103,0,"CITY OF AURORA",0,"Under Votes",4650,"12TH CIRCUIT - POLICANDRIOTES VACANCY","WARD 9 PRECINCT 5",0,12,"REPUBLICAN",9
"454",103,0,"CITY OF AURORA",0,"Under Votes",4650,"12TH CIRCUIT - POLICANDRIOTES VACANCY","WARD 9 PRECINCT 6",0,12,"REPUBLICAN",2
"455",103,0,"CITY OF AURORA",0,"Under Votes",4650,"12TH CIRCUIT - POLICANDRIOTES VACANCY","WARD 9 PRECINCT 7",0,12,"REPUBLICAN",6
"456",103,0,"CITY OF AURORA",0,"Under Votes",4650,"12TH CIRCUIT - POLICANDRIOTES VACANCY","WARD 9 PRECINCT 8",0,12,"REPUBLICAN",8
"457",103,0,"CITY OF AURORA",0,"Under Votes",4650,"12TH CIRCUIT - POLICANDRIOTES VACANCY","WARD 9 PRECINCT 9",0,12,"REPUBLICAN",3
"458",103,0,"CITY OF AURORA",0,"Under Votes",4650,"12TH CIRCUIT - POLICANDRIOTES VACANCY","WARD 9 PRECINCT 10",0,12,"REPUBLICAN",6
"459",103,0,"CITY OF AURORA",0,"Under Votes",4640,"12TH CIRCUIT - ROZAK VACANCY","WARD 9 PRECINCT 4",0,11,"DEMOCRATIC",12
"460",103,0,"CITY OF AURORA",0,"Under Votes",4640,"12TH CIRCUIT - ROZAK VACANCY","WARD 9 PRECINCT 5",0,11,"DEMOCRATIC",15
"461",103,0,"CITY OF AURORA",0,"Under Votes",4640,"12TH CIRCUIT - ROZAK VACANCY","WARD 9 PRECINCT 6",0,11,"DEMOCRATIC",14
"462",103,0,"CITY OF AURORA",0,"Under Votes",4640,"12TH CIRCUIT - ROZAK VACANCY","WARD 9 PRECINCT 7",0,11,"DEMOCRATIC",26
"463",103,0,"CITY OF AURORA",0,"Under Votes",4640,"12TH CIRCUIT - ROZAK VACANCY","WARD 9 PRECINCT 8",0,11,"DEMOCRATIC",28
"464",103,0,"CITY OF AURORA",0,"Under Votes",4640,"12TH CIRCUIT - ROZAK VACANCY","WARD 9 PRECINCT 9",0,11,"DEMOCRATIC",13
"465",103,0,"CITY OF AURORA",0,"Under Votes",4640,"12TH CIRCUIT - ROZAK VACANCY","WARD 9 PRECINCT 10",0,11,"DEMOCRATIC",10
"466",103,0,"CITY OF AURORA",0,"Under Votes",4650,"12TH CIRCUIT - POLICANDRIOTES VACANCY","WARD 9 PRECINCT 4",0,11,"DEMOCRATIC",12
"467",103,0,"CITY OF AURORA",0,"Under Votes",4650,"12TH CIRCUIT - POLICANDRIOTES VACANCY","WARD 9 PRECINCT 5",0,11,"DEMOCRATIC",16
"468",103,0,"CITY OF AURORA",0,"Under Votes",4650,"12TH CIRCUIT - POLICANDRIOTES VACANCY","WARD 9 PRECINCT 6",0,11,"DEMOCRATIC",20
"469",103,0,"CITY OF AURORA",0,"Under Votes",4650,"12TH CIRCUIT - POLICANDRIOTES VACANCY","WARD 9 PRECINCT 7",0,11,"DEMOCRATIC",30
"470",103,0,"CITY OF AURORA",0,"Under Votes",4650,"12TH CIRCUIT - POLICANDRIOTES VACANCY","WARD 9 PRECINCT 8",0,11,"DEMOCRATIC",31
"471",103,0,"CITY OF AURORA",0,"Under Votes",4650,"12TH CIRCUIT - POLICANDRIOTES VACANCY","WARD 9 PRECINCT 9",0,11,"DEMOCRATIC",20
"472",103,0,"CITY OF AURORA",0,"Under Votes",4650,"12TH CIRCUIT - POLICANDRIOTES VACANCY","WARD 9 PRECINCT 10",0,11,"DEMOCRATIC",16
"473",103,0,"CITY OF AURORA",0,"Under Votes",676,"14TH STATE CENTRAL COMMITTEEWOMAN","WARD 9 PRECINCT 4",0,11,"DEMOCRATIC",15
"474",103,0,"CITY OF AURORA",0,"Under Votes",676,"14TH STATE CENTRAL COMMITTEEWOMAN","WARD 9 PRECINCT 5",0,11,"DEMOCRATIC",14
"475",103,0,"CITY OF AURORA",0,"Under Votes",676,"14TH STATE CENTRAL COMMITTEEWOMAN","WARD 9 PRECINCT 6",0,11,"DEMOCRATIC",13
"476",103,0,"CITY OF AURORA",0,"Under Votes",676,"14TH STATE CENTRAL COMMITTEEWOMAN","WARD 9 PRECINCT 7",0,11,"DEMOCRATIC",24
"477",103,0,"CITY OF AURORA",0,"Under Votes",676,"14TH STATE CENTRAL COMMITTEEWOMAN","WARD 9 PRECINCT 8",0,11,"DEMOCRATIC",28
"478",103,0,"CITY OF AURORA",0,"Under Votes",676,"14TH STATE CENTRAL COMMITTEEWOMAN","WARD 9 PRECINCT 9",0,11,"DEMOCRATIC",20
"479",103,0,"CITY OF AURORA",0,"Under Votes",676,"14TH STATE CENTRAL COMMITTEEWOMAN","WARD 9 PRECINCT 10",0,11,"DEMOCRATIC",8
"480",103,0,"CITY OF AURORA",0,"Under Votes",677,"14TH STATE CENTRAL COMMITTEEMAN","WARD 9 PRECINCT 4",0,11,"DEMOCRATIC",13
"481",103,0,"CITY OF AURORA",0,"Under Votes",677,"14TH STATE CENTRAL COMMITTEEMAN","WARD 9 PRECINCT 5",0,11,"DEMOCRATIC",13
"482",103,0,"CITY OF AURORA",0,"Under Votes",677,"14TH STATE CENTRAL COMMITTEEMAN","WARD 9 PRECINCT 6",0,11,"DEMOCRATIC",15
"483",103,0,"CITY OF AURORA",0,"Under Votes",677,"14TH STATE CENTRAL COMMITTEEMAN","WARD 9 PRECINCT 7",0,11,"DEMOCRATIC",27
"484",103,0,"CITY OF AURORA",0,"Under Votes",677,"14TH STATE CENTRAL COMMITTEEMAN","WARD 9 PRECINCT 8",0,11,"DEMOCRATIC",31
"485",103,0,"CITY OF AURORA",0,"Under Votes",677,"14TH STATE CENTRAL COMMITTEEMAN","WARD 9 PRECINCT 9",0,11,"DEMOCRATIC",20
"486",103,0,"CITY OF AURORA",0,"Under Votes",677,"14TH STATE CENTRAL COMMITTEEMAN","WARD 9 PRECINCT 10",0,11,"DEMOCRATIC",8
"487",103,0,"CITY OF AURORA",0,"Over Votes",380,"14TH CONGRESS","WARD 9 PRECINCT 8",0,11,"DEMOCRATIC",1
"488",103,0,"CITY OF AURORA",0,"Over Votes",676,"14TH STATE CENTRAL COMMITTEEWOMAN","WARD 9 PRECINCT 4",0,11,"DEMOCRATIC",1
"489",103,0,"CITY OF AURORA",0,"Over Votes",676,"14TH STATE CENTRAL COMMITTEEWOMAN","WARD 9 PRECINCT 10",0,11,"DEMOCRATIC",1
